Driver,LapNumber,LapTime,Compound,TyreLife,Stint,LapTime_s
LEC,1.0,0 days 00:40:56.330000,MEDIUM,1.0,1.0,2456.33
LEC,3.0,0 days 00:01:24.624000,HARD,2.0,2.0,84.624
LEC,4.0,0 days 00:01:22.625000,HARD,3.0,2.0,82.625
LEC,5.0,0 days 00:01:21.795000,HARD,4.0,2.0,81.795
LEC,6.0,0 days 00:01:21.145000,HARD,5.0,2.0,81.145
LEC,7.0,0 days 00:01:20.980000,HARD,6.0,2.0,80.98
LEC,8.0,0 days 00:01:21.030000,HARD,7.0,2.0,81.03
LEC,9.0,0 days 00:01:20.114000,HARD,8.0,2.0,80.114
LEC,10.0,0 days 00:01:20.775000,HARD,9.0,2.0,80.775
LEC,11.0,0 days 00:01:21.046000,HARD,10.0,2.0,81.046
LEC,12.0,0 days 00:01:20.252000,HARD,11.0,2.0,80.252
LEC,13.0,0 days 00:01:19.017000,HARD,12.0,2.0,79.017
LEC,14.0,0 days 00:01:19.913000,HARD,13.0,2.0,79.913
LEC,15.0,0 days 00:01:19.838000,HARD,14.0,2.0,79.838
LEC,16.0,0 days 00:01:20.156000,HARD,15.0,2.0,80.156
LEC,17.0,0 days 00:01:20.279000,HARD,16.0,2.0,80.279
LEC,18.0,0 days 00:01:19.580000,HARD,17.0,2.0,79.58
LEC,19.0,0 days 00:01:18.842000,HARD,18.0,2.0,78.842
LEC,20.0,0 days 00:01:18.724000,HARD,19.0,2.0,78.724
LEC,21.0,0 days 00:01:18.472000,HARD,20.0,2.0,78.472
LEC,22.0,0 days 00:01:18.620000,HARD,21.0,2.0,78.62
LEC,23.0,0 days 00:01:18.458000,HARD,22.0,2.0,78.458
LEC,24.0,0 days 00:01:18.725000,HARD,23.0,2.0,78.725
LEC,25.0,0 days 00:01:18.973000,HARD,24.0,2.0,78.973
LEC,26.0,0 days 00:01:18.445000,HARD,25.0,2.0,78.445
LEC,27.0,0 days 00:01:18.351000,HARD,26.0,2.0,78.351
LEC,28.0,0 days 00:01:18.710000,HARD,27.0,2.0,78.71
LEC,29.0,0 days 00:01:19.053000,HARD,28.0,2.0,79.053
LEC,30.0,0 days 00:01:19.935000,HARD,29.0,2.0,79.935
LEC,31.0,0 days 00:01:18.393000,HARD,30.0,2.0,78.393
LEC,32.0,0 days 00:01:19.125000,HARD,31.0,2.0,79.125
LEC,33.0,0 days 00:01:18.494000,HARD,32.0,2.0,78.494
LEC,34.0,0 days 00:01:19.319000,HARD,33.0,2.0,79.319
LEC,35.0,0 days 00:01:18.530000,HARD,34.0,2.0,78.53
LEC,36.0,0 days 00:01:18.689000,HARD,35.0,2.0,78.689
LEC,37.0,0 days 00:01:18.925000,HARD,36.0,2.0,78.925
LEC,38.0,0 days 00:01:18.528000,HARD,37.0,2.0,78.528
LEC,39.0,0 days 00:01:18.181000,HARD,38.0,2.0,78.181
LEC,40.0,0 days 00:01:18.733000,HARD,39.0,2.0,78.733
LEC,41.0,0 days 00:01:18.694000,HARD,40.0,2.0,78.694
LEC,42.0,0 days 00:01:19.277000,HARD,41.0,2.0,79.277
LEC,43.0,0 days 00:01:17.865000,HARD,42.0,2.0,77.865
LEC,44.0,0 days 00:01:18.276000,HARD,43.0,2.0,78.276
LEC,45.0,0 days 00:01:18.541000,HARD,44.0,2.0,78.541
LEC,46.0,0 days 00:01:18.567000,HARD,45.0,2.0,78.567
LEC,47.0,0 days 00:01:19.185000,HARD,46.0,2.0,79.185
LEC,48.0,0 days 00:01:17.941000,HARD,47.0,2.0,77.941
LEC,49.0,0 days 00:01:18.506000,HARD,48.0,2.0,78.506
LEC,50.0,0 days 00:01:18.185000,HARD,49.0,2.0,78.185
LEC,51.0,0 days 00:01:17.790000,HARD,50.0,2.0,77.79
LEC,52.0,0 days 00:01:18.311000,HARD,51.0,2.0,78.311
LEC,53.0,0 days 00:01:17.748000,HARD,52.0,2.0,77.748
LEC,54.0,0 days 00:01:17.357000,HARD,53.0,2.0,77.357
LEC,55.0,0 days 00:01:17.444000,HARD,54.0,2.0,77.444
LEC,56.0,0 days 00:01:17.266000,HARD,55.0,2.0,77.266
LEC,57.0,0 days 00:01:17.640000,HARD,56.0,2.0,77.64
LEC,58.0,0 days 00:01:17.028000,HARD,57.0,2.0,77.028
LEC,59.0,0 days 00:01:17.034000,HARD,58.0,2.0,77.034
LEC,60.0,0 days 00:01:16.414000,HARD,59.0,2.0,76.414
LEC,61.0,0 days 00:01:16.863000,HARD,60.0,2.0,76.863
LEC,62.0,0 days 00:01:17.454000,HARD,61.0,2.0,77.454
LEC,63.0,0 days 00:01:16.971000,HARD,62.0,2.0,76.971
LEC,64.0,0 days 00:01:16.560000,HARD,63.0,2.0,76.56
LEC,65.0,0 days 00:01:16.607000,HARD,64.0,2.0,76.607
LEC,66.0,0 days 00:01:16.489000,HARD,65.0,2.0,76.489
LEC,67.0,0 days 00:01:15.941000,HARD,66.0,2.0,75.941
LEC,68.0,0 days 00:01:16.082000,HARD,67.0,2.0,76.082
LEC,69.0,0 days 00:01:16.373000,HARD,68.0,2.0,76.373
LEC,70.0,0 days 00:01:15.767000,HARD,69.0,2.0,75.767
LEC,71.0,0 days 00:01:15.162000,HARD,70.0,2.0,75.162
LEC,72.0,0 days 00:01:15.547000,HARD,71.0,2.0,75.547
LEC,73.0,0 days 00:01:16.219000,HARD,72.0,2.0,76.219
LEC,74.0,0 days 00:01:16.105000,HARD,73.0,2.0,76.105
LEC,75.0,0 days 00:01:16.387000,HARD,74.0,2.0,76.387
LEC,76.0,0 days 00:01:16.808000,HARD,75.0,2.0,76.808
LEC,77.0,0 days 00:01:16.933000,HARD,76.0,2.0,76.933
LEC,78.0,0 days 00:01:18.636000,HARD,77.0,2.0,78.636
PIA,1.0,0 days 00:40:58.744000,MEDIUM,2.0,1.0,2458.744
PIA,3.0,0 days 00:01:24.953000,HARD,3.0,2.0,84.953
PIA,4.0,0 days 00:01:22.314000,HARD,4.0,2.0,82.314
PIA,5.0,0 days 00:01:22.019000,HARD,5.0,2.0,82.019
PIA,6.0,0 days 00:01:21.354000,HARD,6.0,2.0,81.354
PIA,7.0,0 days 00:01:20.808000,HARD,7.0,2.0,80.808
PIA,8.0,0 days 00:01:21.058000,HARD,8.0,2.0,81.058
PIA,9.0,0 days 00:01:19.906000,HARD,9.0,2.0,79.906
PIA,10.0,0 days 00:01:20.890000,HARD,10.0,2.0,80.89
PIA,11.0,0 days 00:01:20.898000,HARD,11.0,2.0,80.898
PIA,12.0,0 days 00:01:20.135000,HARD,12.0,2.0,80.135
PIA,13.0,0 days 00:01:18.745000,HARD,13.0,2.0,78.745
PIA,14.0,0 days 00:01:20.014000,HARD,14.0,2.0,80.014
PIA,15.0,0 days 00:01:20.264000,HARD,15.0,2.0,80.264
PIA,16.0,0 days 00:01:19.829000,HARD,16.0,2.0,79.829
PIA,17.0,0 days 00:01:20.028000,HARD,17.0,2.0,80.028
PIA,18.0,0 days 00:01:19.832000,HARD,18.0,2.0,79.832
PIA,19.0,0 days 00:01:19.179000,HARD,19.0,2.0,79.179
PIA,20.0,0 days 00:01:19.055000,HARD,20.0,2.0,79.055
PIA,21.0,0 days 00:01:18.601000,HARD,21.0,2.0,78.601
PIA,22.0,0 days 00:01:18.585000,HARD,22.0,2.0,78.585
PIA,23.0,0 days 00:01:18.658000,HARD,23.0,2.0,78.658
PIA,24.0,0 days 00:01:18.636000,HARD,24.0,2.0,78.636
PIA,25.0,0 days 00:01:18.784000,HARD,25.0,2.0,78.784
PIA,26.0,0 days 00:01:18.440000,HARD,26.0,2.0,78.44
PIA,27.0,0 days 00:01:18.523000,HARD,27.0,2.0,78.523
PIA,28.0,0 days 00:01:18.791000,HARD,28.0,2.0,78.791
PIA,29.0,0 days 00:01:19.010000,HARD,29.0,2.0,79.01
PIA,30.0,0 days 00:01:19.396000,HARD,30.0,2.0,79.396
PIA,31.0,0 days 00:01:18.449000,HARD,31.0,2.0,78.449
PIA,32.0,0 days 00:01:18.969000,HARD,32.0,2.0,78.969
PIA,33.0,0 days 00:01:19.060000,HARD,33.0,2.0,79.06
PIA,34.0,0 days 00:01:18.978000,HARD,34.0,2.0,78.978
PIA,35.0,0 days 00:01:18.605000,HARD,35.0,2.0,78.605
PIA,36.0,0 days 00:01:18.882000,HARD,36.0,2.0,78.882
PIA,37.0,0 days 00:01:18.612000,HARD,37.0,2.0,78.612
PIA,38.0,0 days 00:01:18.731000,HARD,38.0,2.0,78.731
PIA,39.0,0 days 00:01:18.362000,HARD,39.0,2.0,78.362
PIA,40.0,0 days 00:01:18.951000,HARD,40.0,2.0,78.951
PIA,41.0,0 days 00:01:18.846000,HARD,41.0,2.0,78.846
PIA,42.0,0 days 00:01:19.795000,HARD,42.0,2.0,79.795
PIA,43.0,0 days 00:01:18.198000,HARD,43.0,2.0,78.198
PIA,44.0,0 days 00:01:18.277000,HARD,44.0,2.0,78.277
PIA,45.0,0 days 00:01:18.082000,HARD,45.0,2.0,78.082
PIA,46.0,0 days 00:01:18.623000,HARD,46.0,2.0,78.623
PIA,47.0,0 days 00:01:18.399000,HARD,47.0,2.0,78.399
PIA,48.0,0 days 00:01:18.395000,HARD,48.0,2.0,78.395
PIA,49.0,0 days 00:01:18.136000,HARD,49.0,2.0,78.136
PIA,50.0,0 days 00:01:18.350000,HARD,50.0,2.0,78.35
PIA,51.0,0 days 00:01:17.909000,HARD,51.0,2.0,77.909
PIA,52.0,0 days 00:01:18.214000,HARD,52.0,2.0,78.214
PIA,53.0,0 days 00:01:17.609000,HARD,53.0,2.0,77.609
PIA,54.0,0 days 00:01:17.362000,HARD,54.0,2.0,77.362
PIA,55.0,0 days 00:01:17.445000,HARD,55.0,2.0,77.445
PIA,56.0,0 days 00:01:17.456000,HARD,56.0,2.0,77.456
PIA,57.0,0 days 00:01:17.300000,HARD,57.0,2.0,77.3
PIA,58.0,0 days 00:01:17.344000,HARD,58.0,2.0,77.344
PIA,59.0,0 days 00:01:17.042000,HARD,59.0,2.0,77.042
PIA,60.0,0 days 00:01:16.617000,HARD,60.0,2.0,76.617
PIA,61.0,0 days 00:01:16.771000,HARD,61.0,2.0,76.771
PIA,62.0,0 days 00:01:17.095000,HARD,62.0,2.0,77.095
PIA,63.0,0 days 00:01:16.921000,HARD,63.0,2.0,76.921
PIA,64.0,0 days 00:01:16.909000,HARD,64.0,2.0,76.909
PIA,65.0,0 days 00:01:16.391000,HARD,65.0,2.0,76.391
PIA,66.0,0 days 00:01:16.640000,HARD,66.0,2.0,76.64
PIA,67.0,0 days 00:01:16.596000,HARD,67.0,2.0,76.596
PIA,68.0,0 days 00:01:16.601000,HARD,68.0,2.0,76.601
PIA,69.0,0 days 00:01:17.371000,HARD,69.0,2.0,77.371
PIA,70.0,0 days 00:01:17.270000,HARD,70.0,2.0,77.27
PIA,71.0,0 days 00:01:17.184000,HARD,71.0,2.0,77.184
PIA,72.0,0 days 00:01:16.652000,HARD,72.0,2.0,76.652
PIA,73.0,0 days 00:01:16.281000,HARD,73.0,2.0,76.281
PIA,74.0,0 days 00:01:16.356000,HARD,74.0,2.0,76.356
PIA,75.0,0 days 00:01:16.644000,HARD,75.0,2.0,76.644
PIA,76.0,0 days 00:01:16.590000,HARD,76.0,2.0,76.59
PIA,77.0,0 days 00:01:16.734000,HARD,77.0,2.0,76.734
PIA,78.0,0 days 00:01:17.126000,HARD,78.0,2.0,77.126
SAI,1.0,0 days 00:41:02.721000,MEDIUM,1.0,1.0,2462.721
SAI,3.0,0 days 00:01:25.012000,HARD,2.0,2.0,85.012
SAI,4.0,0 days 00:01:22.358000,HARD,3.0,2.0,82.358
SAI,5.0,0 days 00:01:21.978000,HARD,4.0,2.0,81.978
SAI,6.0,0 days 00:01:21.163000,HARD,5.0,2.0,81.163
SAI,7.0,0 days 00:01:21.466000,HARD,6.0,2.0,81.466
SAI,8.0,0 days 00:01:20.272000,HARD,7.0,2.0,80.272
SAI,9.0,0 days 00:01:20.525000,HARD,8.0,2.0,80.525
SAI,10.0,0 days 00:01:21.259000,HARD,9.0,2.0,81.259
SAI,11.0,0 days 00:01:20.246000,HARD,10.0,2.0,80.246
SAI,12.0,0 days 00:01:19.974000,HARD,11.0,2.0,79.974
SAI,13.0,0 days 00:01:20.017000,HARD,12.0,2.0,80.017
SAI,14.0,0 days 00:01:19.480000,HARD,13.0,2.0,79.48
SAI,15.0,0 days 00:01:19.543000,HARD,14.0,2.0,79.543
SAI,16.0,0 days 00:01:20.579000,HARD,15.0,2.0,80.579
SAI,17.0,0 days 00:01:20.076000,HARD,16.0,2.0,80.076
SAI,18.0,0 days 00:01:19.177000,HARD,17.0,2.0,79.177
SAI,19.0,0 days 00:01:19.445000,HARD,18.0,2.0,79.445
SAI,20.0,0 days 00:01:19.403000,HARD,19.0,2.0,79.403
SAI,21.0,0 days 00:01:18.917000,HARD,20.0,2.0,78.917
SAI,22.0,0 days 00:01:18.889000,HARD,21.0,2.0,78.889
SAI,23.0,0 days 00:01:18.993000,HARD,22.0,2.0,78.993
SAI,24.0,0 days 00:01:18.568000,HARD,23.0,2.0,78.568
SAI,25.0,0 days 00:01:18.537000,HARD,24.0,2.0,78.537
SAI,26.0,0 days 00:01:18.088000,HARD,25.0,2.0,78.088
SAI,27.0,0 days 00:01:19.490000,HARD,26.0,2.0,79.49
SAI,28.0,0 days 00:01:19.281000,HARD,27.0,2.0,79.281
SAI,29.0,0 days 00:01:18.697000,HARD,28.0,2.0,78.697
SAI,30.0,0 days 00:01:17.326000,HARD,29.0,2.0,77.326
SAI,31.0,0 days 00:01:19.784000,HARD,30.0,2.0,79.784
SAI,32.0,0 days 00:01:20.136000,HARD,31.0,2.0,80.136
SAI,33.0,0 days 00:01:18.778000,HARD,32.0,2.0,78.778
SAI,34.0,0 days 00:01:19.013000,HARD,33.0,2.0,79.013
SAI,35.0,0 days 00:01:18.465000,HARD,34.0,2.0,78.465
SAI,36.0,0 days 00:01:19.275000,HARD,35.0,2.0,79.275
SAI,37.0,0 days 00:01:17.577000,HARD,36.0,2.0,77.577
SAI,38.0,0 days 00:01:18.412000,HARD,37.0,2.0,78.412
SAI,39.0,0 days 00:01:18.310000,HARD,38.0,2.0,78.31
SAI,40.0,0 days 00:01:18.653000,HARD,39.0,2.0,78.653
SAI,41.0,0 days 00:01:18.714000,HARD,40.0,2.0,78.714
SAI,42.0,0 days 00:01:19.171000,HARD,41.0,2.0,79.171
SAI,43.0,0 days 00:01:19.594000,HARD,42.0,2.0,79.594
SAI,44.0,0 days 00:01:18.762000,HARD,43.0,2.0,78.762
SAI,45.0,0 days 00:01:17.885000,HARD,44.0,2.0,77.885
SAI,46.0,0 days 00:01:18.731000,HARD,45.0,2.0,78.731
SAI,47.0,0 days 00:01:18.141000,HARD,46.0,2.0,78.141
SAI,48.0,0 days 00:01:17.894000,HARD,47.0,2.0,77.894
SAI,49.0,0 days 00:01:18.259000,HARD,48.0,2.0,78.259
SAI,50.0,0 days 00:01:18.545000,HARD,49.0,2.0,78.545
SAI,51.0,0 days 00:01:17.528000,HARD,50.0,2.0,77.528
SAI,52.0,0 days 00:01:18.094000,HARD,51.0,2.0,78.094
SAI,53.0,0 days 00:01:17.759000,HARD,52.0,2.0,77.759
SAI,54.0,0 days 00:01:17.742000,HARD,53.0,2.0,77.742
SAI,55.0,0 days 00:01:18.661000,HARD,54.0,2.0,78.661
SAI,56.0,0 days 00:01:18.119000,HARD,55.0,2.0,78.119
SAI,57.0,0 days 00:01:17.599000,HARD,56.0,2.0,77.599
SAI,58.0,0 days 00:01:17.501000,HARD,57.0,2.0,77.501
SAI,59.0,0 days 00:01:17.134000,HARD,58.0,2.0,77.134
SAI,60.0,0 days 00:01:15.159000,HARD,59.0,2.0,75.159
SAI,61.0,0 days 00:01:19.046000,HARD,60.0,2.0,79.046
SAI,62.0,0 days 00:01:14.726000,HARD,61.0,2.0,74.726
SAI,63.0,0 days 00:01:18.207000,HARD,62.0,2.0,78.207
SAI,64.0,0 days 00:01:14.813000,HARD,63.0,2.0,74.813
SAI,65.0,0 days 00:01:18.137000,HARD,64.0,2.0,78.137
SAI,66.0,0 days 00:01:15.409000,HARD,65.0,2.0,75.409
SAI,67.0,0 days 00:01:16.847000,HARD,66.0,2.0,76.847
SAI,68.0,0 days 00:01:15.595000,HARD,67.0,2.0,75.595
SAI,69.0,0 days 00:01:16.218000,HARD,68.0,2.0,76.218
SAI,70.0,0 days 00:01:17.117000,HARD,69.0,2.0,77.117
SAI,71.0,0 days 00:01:17.214000,HARD,70.0,2.0,77.214
SAI,72.0,0 days 00:01:16.785000,HARD,71.0,2.0,76.785
SAI,73.0,0 days 00:01:16.417000,HARD,72.0,2.0,76.417
SAI,74.0,0 days 00:01:16.063000,HARD,73.0,2.0,76.063
SAI,75.0,0 days 00:01:16.905000,HARD,74.0,2.0,76.905
SAI,76.0,0 days 00:01:16.328000,HARD,75.0,2.0,76.328
SAI,77.0,0 days 00:01:16.701000,HARD,76.0,2.0,76.701
SAI,78.0,0 days 00:01:17.072000,HARD,77.0,2.0,77.072
NOR,1.0,0 days 00:41:08.042000,MEDIUM,2.0,1.0,2468.042
NOR,3.0,0 days 00:01:25.283000,HARD,3.0,2.0,85.283
NOR,4.0,0 days 00:01:22.782000,HARD,4.0,2.0,82.782
NOR,5.0,0 days 00:01:22.147000,HARD,5.0,2.0,82.147
NOR,6.0,0 days 00:01:21.804000,HARD,6.0,2.0,81.804
NOR,7.0,0 days 00:01:20.828000,HARD,7.0,2.0,80.828
NOR,8.0,0 days 00:01:20.820000,HARD,8.0,2.0,80.82
NOR,9.0,0 days 00:01:20.397000,HARD,9.0,2.0,80.397
NOR,10.0,0 days 00:01:20.972000,HARD,10.0,2.0,80.972
NOR,11.0,0 days 00:01:20.870000,HARD,11.0,2.0,80.87
NOR,12.0,0 days 00:01:19.933000,HARD,12.0,2.0,79.933
NOR,13.0,0 days 00:01:19.820000,HARD,13.0,2.0,79.82
NOR,14.0,0 days 00:01:19.385000,HARD,14.0,2.0,79.385
NOR,15.0,0 days 00:01:19.775000,HARD,15.0,2.0,79.775
NOR,16.0,0 days 00:01:19.637000,HARD,16.0,2.0,79.637
NOR,17.0,0 days 00:01:20.337000,HARD,17.0,2.0,80.337
NOR,18.0,0 days 00:01:19.398000,HARD,18.0,2.0,79.398
NOR,19.0,0 days 00:01:19.280000,HARD,19.0,2.0,79.28
NOR,20.0,0 days 00:01:19.043000,HARD,20.0,2.0,79.043
NOR,21.0,0 days 00:01:18.983000,HARD,21.0,2.0,78.983
NOR,22.0,0 days 00:01:18.981000,HARD,22.0,2.0,78.981
NOR,23.0,0 days 00:01:19.194000,HARD,23.0,2.0,79.194
NOR,24.0,0 days 00:01:18.699000,HARD,24.0,2.0,78.699
NOR,25.0,0 days 00:01:18.640000,HARD,25.0,2.0,78.64
NOR,26.0,0 days 00:01:18.396000,HARD,26.0,2.0,78.396
NOR,27.0,0 days 00:01:18.720000,HARD,27.0,2.0,78.72
NOR,28.0,0 days 00:01:19.238000,HARD,28.0,2.0,79.238
NOR,29.0,0 days 00:01:18.766000,HARD,29.0,2.0,78.766
NOR,30.0,0 days 00:01:18.403000,HARD,30.0,2.0,78.403
NOR,31.0,0 days 00:01:18.780000,HARD,31.0,2.0,78.78
NOR,32.0,0 days 00:01:19.538000,HARD,32.0,2.0,79.538
NOR,33.0,0 days 00:01:19.233000,HARD,33.0,2.0,79.233
NOR,34.0,0 days 00:01:19.243000,HARD,34.0,2.0,79.243
NOR,35.0,0 days 00:01:18.714000,HARD,35.0,2.0,78.714
NOR,36.0,0 days 00:01:18.582000,HARD,36.0,2.0,78.582
NOR,37.0,0 days 00:01:17.958000,HARD,37.0,2.0,77.958
NOR,38.0,0 days 00:01:17.994000,HARD,38.0,2.0,77.994
NOR,39.0,0 days 00:01:18.303000,HARD,39.0,2.0,78.303
NOR,40.0,0 days 00:01:18.824000,HARD,40.0,2.0,78.824
NOR,41.0,0 days 00:01:18.519000,HARD,41.0,2.0,78.519
NOR,42.0,0 days 00:01:19.436000,HARD,42.0,2.0,79.436
NOR,43.0,0 days 00:01:19.796000,HARD,43.0,2.0,79.796
NOR,44.0,0 days 00:01:18.906000,HARD,44.0,2.0,78.906
NOR,45.0,0 days 00:01:17.897000,HARD,45.0,2.0,77.897
NOR,46.0,0 days 00:01:18.215000,HARD,46.0,2.0,78.215
NOR,47.0,0 days 00:01:18.141000,HARD,47.0,2.0,78.141
NOR,48.0,0 days 00:01:17.975000,HARD,48.0,2.0,77.975
NOR,49.0,0 days 00:01:18.177000,HARD,49.0,2.0,78.177
NOR,50.0,0 days 00:01:18.218000,HARD,50.0,2.0,78.218
NOR,51.0,0 days 00:01:17.772000,HARD,51.0,2.0,77.772
NOR,52.0,0 days 00:01:18.223000,HARD,52.0,2.0,78.223
NOR,53.0,0 days 00:01:17.570000,HARD,53.0,2.0,77.57
NOR,54.0,0 days 00:01:17.838000,HARD,54.0,2.0,77.838
NOR,55.0,0 days 00:01:18.382000,HARD,55.0,2.0,78.382
NOR,56.0,0 days 00:01:18.155000,HARD,56.0,2.0,78.155
NOR,57.0,0 days 00:01:17.815000,HARD,57.0,2.0,77.815
NOR,58.0,0 days 00:01:17.395000,HARD,58.0,2.0,77.395
NOR,59.0,0 days 00:01:17.122000,HARD,59.0,2.0,77.122
NOR,60.0,0 days 00:01:16.695000,HARD,60.0,2.0,76.695
NOR,61.0,0 days 00:01:17.614000,HARD,61.0,2.0,77.614
NOR,62.0,0 days 00:01:16.026000,HARD,62.0,2.0,76.026
NOR,63.0,0 days 00:01:16.876000,HARD,63.0,2.0,76.876
NOR,64.0,0 days 00:01:15.742000,HARD,64.0,2.0,75.742
NOR,65.0,0 days 00:01:17.143000,HARD,65.0,2.0,77.143
NOR,66.0,0 days 00:01:16.214000,HARD,66.0,2.0,76.214
NOR,67.0,0 days 00:01:16.115000,HARD,67.0,2.0,76.115
NOR,68.0,0 days 00:01:16.172000,HARD,68.0,2.0,76.172
NOR,69.0,0 days 00:01:16.314000,HARD,69.0,2.0,76.314
NOR,70.0,0 days 00:01:17.213000,HARD,70.0,2.0,77.213
NOR,71.0,0 days 00:01:16.609000,HARD,71.0,2.0,76.609
NOR,72.0,0 days 00:01:16.801000,HARD,72.0,2.0,76.801
NOR,73.0,0 days 00:01:16.285000,HARD,73.0,2.0,76.285
NOR,74.0,0 days 00:01:16.429000,HARD,74.0,2.0,76.429
NOR,75.0,0 days 00:01:16.517000,HARD,75.0,2.0,76.517
NOR,76.0,0 days 00:01:16.671000,HARD,76.0,2.0,76.671
NOR,77.0,0 days 00:01:16.512000,HARD,77.0,2.0,76.512
NOR,78.0,0 days 00:01:17.296000,HARD,78.0,2.0,77.296
RUS,1.0,0 days 00:41:13.884000,HARD,1.0,1.0,2473.884
RUS,3.0,0 days 00:01:25.319000,MEDIUM,2.0,2.0,85.319
RUS,4.0,0 days 00:01:22.868000,MEDIUM,3.0,2.0,82.868
RUS,5.0,0 days 00:01:23.045000,MEDIUM,4.0,2.0,83.045
RUS,6.0,0 days 00:01:23.012000,MEDIUM,5.0,2.0,83.012
RUS,7.0,0 days 00:01:21.415000,MEDIUM,6.0,2.0,81.415
RUS,8.0,0 days 00:01:21.612000,MEDIUM,7.0,2.0,81.612
RUS,9.0,0 days 00:01:21.433000,MEDIUM,8.0,2.0,81.433
RUS,10.0,0 days 00:01:21.531000,MEDIUM,9.0,2.0,81.531
RUS,11.0,0 days 00:01:21.452000,MEDIUM,10.0,2.0,81.452
RUS,12.0,0 days 00:01:20.316000,MEDIUM,11.0,2.0,80.316
RUS,13.0,0 days 00:01:20.525000,MEDIUM,12.0,2.0,80.525
RUS,14.0,0 days 00:01:20.272000,MEDIUM,13.0,2.0,80.272
RUS,15.0,0 days 00:01:20.202000,MEDIUM,14.0,2.0,80.202
RUS,16.0,0 days 00:01:19.913000,MEDIUM,15.0,2.0,79.913
RUS,17.0,0 days 00:01:20.150000,MEDIUM,16.0,2.0,80.15
RUS,18.0,0 days 00:01:19.438000,MEDIUM,17.0,2.0,79.438
RUS,19.0,0 days 00:01:20.157000,MEDIUM,18.0,2.0,80.157
RUS,20.0,0 days 00:01:20.053000,MEDIUM,19.0,2.0,80.053
RUS,21.0,0 days 00:01:19.788000,MEDIUM,20.0,2.0,79.788
RUS,22.0,0 days 00:01:19.691000,MEDIUM,21.0,2.0,79.691
RUS,23.0,0 days 00:01:19.397000,MEDIUM,22.0,2.0,79.397
RUS,24.0,0 days 00:01:19.484000,MEDIUM,23.0,2.0,79.484
RUS,25.0,0 days 00:01:18.651000,MEDIUM,24.0,2.0,78.651
RUS,26.0,0 days 00:01:19.006000,MEDIUM,25.0,2.0,79.006
RUS,27.0,0 days 00:01:18.927000,MEDIUM,26.0,2.0,78.927
RUS,28.0,0 days 00:01:18.679000,MEDIUM,27.0,2.0,78.679
RUS,29.0,0 days 00:01:18.624000,MEDIUM,28.0,2.0,78.624
RUS,30.0,0 days 00:01:18.811000,MEDIUM,29.0,2.0,78.811
RUS,31.0,0 days 00:01:19.101000,MEDIUM,30.0,2.0,79.101
RUS,32.0,0 days 00:01:19.122000,MEDIUM,31.0,2.0,79.122
RUS,33.0,0 days 00:01:18.910000,MEDIUM,32.0,2.0,78.91
RUS,34.0,0 days 00:01:19.379000,MEDIUM,33.0,2.0,79.379
RUS,35.0,0 days 00:01:20.448000,MEDIUM,34.0,2.0,80.448
RUS,36.0,0 days 00:01:19.728000,MEDIUM,35.0,2.0,79.728
RUS,37.0,0 days 00:01:18.757000,MEDIUM,36.0,2.0,78.757
RUS,38.0,0 days 00:01:18.446000,MEDIUM,37.0,2.0,78.446
RUS,39.0,0 days 00:01:18.450000,MEDIUM,38.0,2.0,78.45
RUS,40.0,0 days 00:01:18.139000,MEDIUM,39.0,2.0,78.139
RUS,41.0,0 days 00:01:18.308000,MEDIUM,40.0,2.0,78.308
RUS,42.0,0 days 00:01:18.204000,MEDIUM,41.0,2.0,78.204
RUS,43.0,0 days 00:01:18.684000,MEDIUM,42.0,2.0,78.684
RUS,44.0,0 days 00:01:18.177000,MEDIUM,43.0,2.0,78.177
RUS,45.0,0 days 00:01:18.449000,MEDIUM,44.0,2.0,78.449
RUS,46.0,0 days 00:01:18.387000,MEDIUM,45.0,2.0,78.387
RUS,47.0,0 days 00:01:18.314000,MEDIUM,46.0,2.0,78.314
RUS,48.0,0 days 00:01:18.702000,MEDIUM,47.0,2.0,78.702
RUS,49.0,0 days 00:01:18.985000,MEDIUM,48.0,2.0,78.985
RUS,50.0,0 days 00:01:18.447000,MEDIUM,49.0,2.0,78.447
RUS,51.0,0 days 00:01:18.049000,MEDIUM,50.0,2.0,78.049
RUS,52.0,0 days 00:01:18.602000,MEDIUM,51.0,2.0,78.602
RUS,53.0,0 days 00:01:20.891000,MEDIUM,52.0,2.0,80.891
RUS,54.0,0 days 00:01:18.201000,MEDIUM,53.0,2.0,78.201
RUS,55.0,0 days 00:01:17.305000,MEDIUM,54.0,2.0,77.305
RUS,56.0,0 days 00:01:17.071000,MEDIUM,55.0,2.0,77.071
RUS,57.0,0 days 00:01:16.910000,MEDIUM,56.0,2.0,76.91
RUS,58.0,0 days 00:01:17.142000,MEDIUM,57.0,2.0,77.142
RUS,59.0,0 days 00:01:16.842000,MEDIUM,58.0,2.0,76.842
RUS,60.0,0 days 00:01:16.604000,MEDIUM,59.0,2.0,76.604
RUS,61.0,0 days 00:01:16.697000,MEDIUM,60.0,2.0,76.697
RUS,62.0,0 days 00:01:16.787000,MEDIUM,61.0,2.0,76.787
RUS,63.0,0 days 00:01:16.581000,MEDIUM,62.0,2.0,76.581
RUS,64.0,0 days 00:01:16.133000,MEDIUM,63.0,2.0,76.133
RUS,65.0,0 days 00:01:15.651000,MEDIUM,64.0,2.0,75.651
RUS,66.0,0 days 00:01:15.848000,MEDIUM,65.0,2.0,75.848
RUS,67.0,0 days 00:01:16.157000,MEDIUM,66.0,2.0,76.157
RUS,68.0,0 days 00:01:15.931000,MEDIUM,67.0,2.0,75.931
RUS,69.0,0 days 00:01:15.869000,MEDIUM,68.0,2.0,75.869
RUS,70.0,0 days 00:01:15.251000,MEDIUM,69.0,2.0,75.251
RUS,71.0,0 days 00:01:15.827000,MEDIUM,70.0,2.0,75.827
RUS,72.0,0 days 00:01:15.839000,MEDIUM,71.0,2.0,75.839
RUS,73.0,0 days 00:01:15.228000,MEDIUM,72.0,2.0,75.228
RUS,74.0,0 days 00:01:15.376000,MEDIUM,73.0,2.0,75.376
RUS,75.0,0 days 00:01:15.525000,MEDIUM,74.0,2.0,75.525
RUS,76.0,0 days 00:01:15.753000,MEDIUM,75.0,2.0,75.753
RUS,77.0,0 days 00:01:15.532000,MEDIUM,76.0,2.0,75.532
RUS,78.0,0 days 00:01:16.303000,MEDIUM,77.0,2.0,76.303
VER,1.0,0 days 00:41:18.944000,HARD,1.0,1.0,2478.944
VER,3.0,0 days 00:01:25.744000,MEDIUM,2.0,2.0,85.744
VER,4.0,0 days 00:01:23.275000,MEDIUM,3.0,2.0,83.275
VER,5.0,0 days 00:01:23.400000,MEDIUM,4.0,2.0,83.4
VER,6.0,0 days 00:01:23.787000,MEDIUM,5.0,2.0,83.787
VER,7.0,0 days 00:01:21.283000,MEDIUM,6.0,2.0,81.283
VER,8.0,0 days 00:01:21.657000,MEDIUM,7.0,2.0,81.657
VER,9.0,0 days 00:01:21.740000,MEDIUM,8.0,2.0,81.74
VER,10.0,0 days 00:01:21.244000,MEDIUM,9.0,2.0,81.244
VER,11.0,0 days 00:01:21.492000,MEDIUM,10.0,2.0,81.492
VER,12.0,0 days 00:01:20.659000,MEDIUM,11.0,2.0,80.659
VER,13.0,0 days 00:01:19.904000,MEDIUM,12.0,2.0,79.904
VER,14.0,0 days 00:01:19.723000,MEDIUM,13.0,2.0,79.723
VER,15.0,0 days 00:01:20.370000,MEDIUM,14.0,2.0,80.37
VER,16.0,0 days 00:01:20.287000,MEDIUM,15.0,2.0,80.287
VER,17.0,0 days 00:01:19.898000,MEDIUM,16.0,2.0,79.898
VER,18.0,0 days 00:01:19.580000,MEDIUM,17.0,2.0,79.58
VER,19.0,0 days 00:01:20.171000,MEDIUM,18.0,2.0,80.171
VER,20.0,0 days 00:01:19.886000,MEDIUM,19.0,2.0,79.886
VER,21.0,0 days 00:01:20.255000,MEDIUM,20.0,2.0,80.255
VER,22.0,0 days 00:01:19.813000,MEDIUM,21.0,2.0,79.813
VER,23.0,0 days 00:01:18.979000,MEDIUM,22.0,2.0,78.979
VER,24.0,0 days 00:01:19.364000,MEDIUM,23.0,2.0,79.364
VER,25.0,0 days 00:01:19.380000,MEDIUM,24.0,2.0,79.38
VER,26.0,0 days 00:01:18.818000,MEDIUM,25.0,2.0,78.818
VER,27.0,0 days 00:01:18.797000,MEDIUM,26.0,2.0,78.797
VER,28.0,0 days 00:01:18.682000,MEDIUM,27.0,2.0,78.682
VER,29.0,0 days 00:01:18.795000,MEDIUM,28.0,2.0,78.795
VER,30.0,0 days 00:01:18.574000,MEDIUM,29.0,2.0,78.574
VER,31.0,0 days 00:01:18.564000,MEDIUM,30.0,2.0,78.564
VER,32.0,0 days 00:01:18.983000,MEDIUM,31.0,2.0,78.983
VER,33.0,0 days 00:01:19.005000,MEDIUM,32.0,2.0,79.005
VER,34.0,0 days 00:01:19.594000,MEDIUM,33.0,2.0,79.594
VER,35.0,0 days 00:01:20.207000,MEDIUM,34.0,2.0,80.207
VER,36.0,0 days 00:01:19.634000,MEDIUM,35.0,2.0,79.634
VER,37.0,0 days 00:01:19.429000,MEDIUM,36.0,2.0,79.429
VER,38.0,0 days 00:01:18.844000,MEDIUM,37.0,2.0,78.844
VER,39.0,0 days 00:01:18.326000,MEDIUM,38.0,2.0,78.326
VER,40.0,0 days 00:01:18.409000,MEDIUM,39.0,2.0,78.409
VER,41.0,0 days 00:01:18.083000,MEDIUM,40.0,2.0,78.083
VER,42.0,0 days 00:01:18.074000,MEDIUM,41.0,2.0,78.074
VER,43.0,0 days 00:01:18.358000,MEDIUM,42.0,2.0,78.358
VER,44.0,0 days 00:01:18.405000,MEDIUM,43.0,2.0,78.405
VER,45.0,0 days 00:01:18.313000,MEDIUM,44.0,2.0,78.313
VER,46.0,0 days 00:01:18.203000,MEDIUM,45.0,2.0,78.203
VER,47.0,0 days 00:01:18.537000,MEDIUM,46.0,2.0,78.537
VER,48.0,0 days 00:01:18.337000,MEDIUM,47.0,2.0,78.337
VER,49.0,0 days 00:01:18.477000,MEDIUM,48.0,2.0,78.477
VER,50.0,0 days 00:01:18.880000,MEDIUM,49.0,2.0,78.88
VER,51.0,0 days 00:01:18.142000,MEDIUM,50.0,2.0,78.142
VER,52.0,0 days 00:01:33.905000,MEDIUM,51.0,2.0,93.905
VER,53.0,0 days 00:01:18.724000,HARD,2.0,3.0,78.724
VER,54.0,0 days 00:01:15.815000,HARD,3.0,3.0,75.815
VER,55.0,0 days 00:01:15.398000,HARD,4.0,3.0,75.398
VER,56.0,0 days 00:01:15.466000,HARD,5.0,3.0,75.466
VER,57.0,0 days 00:01:16.181000,HARD,6.0,3.0,76.181
VER,58.0,0 days 00:01:14.569000,HARD,7.0,3.0,74.569
VER,59.0,0 days 00:01:14.748000,HARD,8.0,3.0,74.748
VER,60.0,0 days 00:01:15.238000,HARD,9.0,3.0,75.238
VER,61.0,0 days 00:01:15.121000,HARD,10.0,3.0,75.121
VER,62.0,0 days 00:01:16.561000,HARD,11.0,3.0,76.561
VER,63.0,0 days 00:01:16.547000,HARD,12.0,3.0,76.547
VER,64.0,0 days 00:01:16.619000,HARD,13.0,3.0,76.619
VER,65.0,0 days 00:01:15.468000,HARD,14.0,3.0,75.468
VER,66.0,0 days 00:01:16.121000,HARD,15.0,3.0,76.121
VER,67.0,0 days 00:01:16.276000,HARD,16.0,3.0,76.276
VER,68.0,0 days 00:01:15.954000,HARD,17.0,3.0,75.954
VER,69.0,0 days 00:01:15.463000,HARD,18.0,3.0,75.463
VER,70.0,0 days 00:01:15.449000,HARD,19.0,3.0,75.449
VER,71.0,0 days 00:01:15.659000,HARD,20.0,3.0,75.659
VER,72.0,0 days 00:01:15.733000,HARD,21.0,3.0,75.733
VER,73.0,0 days 00:01:15.436000,HARD,22.0,3.0,75.436
VER,74.0,0 days 00:01:15.380000,HARD,23.0,3.0,75.38
VER,75.0,0 days 00:01:15.396000,HARD,24.0,3.0,75.396
VER,76.0,0 days 00:01:15.641000,HARD,25.0,3.0,75.641
VER,77.0,0 days 00:01:15.543000,HARD,26.0,3.0,75.543
VER,78.0,0 days 00:01:16.248000,HARD,27.0,3.0,76.248
HAM,1.0,0 days 00:41:23.804000,HARD,1.0,1.0,2483.804
HAM,3.0,0 days 00:01:27.058000,MEDIUM,2.0,2.0,87.058
HAM,4.0,0 days 00:01:23.376000,MEDIUM,3.0,2.0,83.376
HAM,5.0,0 days 00:01:23.640000,MEDIUM,4.0,2.0,83.64
HAM,6.0,0 days 00:01:23.369000,MEDIUM,5.0,2.0,83.369
HAM,7.0,0 days 00:01:21.463000,MEDIUM,6.0,2.0,81.463
HAM,8.0,0 days 00:01:21.612000,MEDIUM,7.0,2.0,81.612
HAM,9.0,0 days 00:01:21.851000,MEDIUM,8.0,2.0,81.851
HAM,10.0,0 days 00:01:21.437000,MEDIUM,9.0,2.0,81.437
HAM,11.0,0 days 00:01:21.325000,MEDIUM,10.0,2.0,81.325
HAM,12.0,0 days 00:01:21.164000,MEDIUM,11.0,2.0,81.164
HAM,13.0,0 days 00:01:20.171000,MEDIUM,12.0,2.0,80.171
HAM,14.0,0 days 00:01:20.126000,MEDIUM,13.0,2.0,80.126
HAM,15.0,0 days 00:01:19.971000,MEDIUM,14.0,2.0,79.971
HAM,16.0,0 days 00:01:20.384000,MEDIUM,15.0,2.0,80.384
HAM,17.0,0 days 00:01:19.738000,MEDIUM,16.0,2.0,79.738
HAM,18.0,0 days 00:01:20.037000,MEDIUM,17.0,2.0,80.037
HAM,19.0,0 days 00:01:19.874000,MEDIUM,18.0,2.0,79.874
HAM,20.0,0 days 00:01:20.504000,MEDIUM,19.0,2.0,80.504
HAM,21.0,0 days 00:01:19.760000,MEDIUM,20.0,2.0,79.76
HAM,22.0,0 days 00:01:20.590000,MEDIUM,21.0,2.0,80.59
HAM,23.0,0 days 00:01:19.089000,MEDIUM,22.0,2.0,79.089
HAM,24.0,0 days 00:01:18.785000,MEDIUM,23.0,2.0,78.785
HAM,25.0,0 days 00:01:19.342000,MEDIUM,24.0,2.0,79.342
HAM,26.0,0 days 00:01:19.862000,MEDIUM,25.0,2.0,79.862
HAM,27.0,0 days 00:01:18.549000,MEDIUM,26.0,2.0,78.549
HAM,28.0,0 days 00:01:18.587000,MEDIUM,27.0,2.0,78.587
HAM,29.0,0 days 00:01:18.940000,MEDIUM,28.0,2.0,78.94
HAM,30.0,0 days 00:01:18.371000,MEDIUM,29.0,2.0,78.371
HAM,31.0,0 days 00:01:18.471000,MEDIUM,30.0,2.0,78.471
HAM,32.0,0 days 00:01:18.618000,MEDIUM,31.0,2.0,78.618
HAM,33.0,0 days 00:01:18.746000,MEDIUM,32.0,2.0,78.746
HAM,34.0,0 days 00:01:18.860000,MEDIUM,33.0,2.0,78.86
HAM,35.0,0 days 00:01:19.518000,MEDIUM,34.0,2.0,79.518
HAM,36.0,0 days 00:01:20.648000,MEDIUM,35.0,2.0,80.648
HAM,37.0,0 days 00:01:18.605000,MEDIUM,36.0,2.0,78.605
HAM,38.0,0 days 00:01:20.514000,MEDIUM,37.0,2.0,80.514
HAM,39.0,0 days 00:01:18.943000,MEDIUM,38.0,2.0,78.943
HAM,40.0,0 days 00:01:18.673000,MEDIUM,39.0,2.0,78.673
HAM,41.0,0 days 00:01:18.946000,MEDIUM,40.0,2.0,78.946
HAM,42.0,0 days 00:01:17.542000,MEDIUM,41.0,2.0,77.542
HAM,43.0,0 days 00:01:17.867000,MEDIUM,42.0,2.0,77.867
HAM,44.0,0 days 00:01:18.225000,MEDIUM,43.0,2.0,78.225
HAM,45.0,0 days 00:01:18.156000,MEDIUM,44.0,2.0,78.156
HAM,46.0,0 days 00:01:18.104000,MEDIUM,45.0,2.0,78.104
HAM,47.0,0 days 00:01:18.331000,MEDIUM,46.0,2.0,78.331
HAM,48.0,0 days 00:01:17.831000,MEDIUM,47.0,2.0,77.831
HAM,49.0,0 days 00:01:17.398000,MEDIUM,48.0,2.0,77.398
HAM,50.0,0 days 00:01:18.461000,MEDIUM,49.0,2.0,78.461
HAM,51.0,0 days 00:01:35.209000,MEDIUM,50.0,2.0,95.209
HAM,52.0,0 days 00:01:19.702000,HARD,2.0,3.0,79.702
HAM,53.0,0 days 00:01:16.458000,HARD,3.0,3.0,76.458
HAM,54.0,0 days 00:01:16.388000,HARD,4.0,3.0,76.388
HAM,55.0,0 days 00:01:16.492000,HARD,5.0,3.0,76.492
HAM,56.0,0 days 00:01:14.423000,HARD,6.0,3.0,74.423
HAM,57.0,0 days 00:01:17.857000,HARD,7.0,3.0,77.857
HAM,58.0,0 days 00:01:16.855000,HARD,8.0,3.0,76.855
HAM,59.0,0 days 00:01:14.204000,HARD,9.0,3.0,74.204
HAM,60.0,0 days 00:01:15.848000,HARD,10.0,3.0,75.848
HAM,61.0,0 days 00:01:15.274000,HARD,11.0,3.0,75.274
HAM,62.0,0 days 00:01:15.414000,HARD,12.0,3.0,75.414
HAM,63.0,0 days 00:01:14.165000,HARD,13.0,3.0,74.165
HAM,64.0,0 days 00:01:16.164000,HARD,14.0,3.0,76.164
HAM,65.0,0 days 00:01:15.190000,HARD,15.0,3.0,75.19
HAM,66.0,0 days 00:01:15.342000,HARD,16.0,3.0,75.342
HAM,67.0,0 days 00:01:16.117000,HARD,17.0,3.0,76.117
HAM,68.0,0 days 00:01:15.836000,HARD,18.0,3.0,75.836
HAM,69.0,0 days 00:01:15.648000,HARD,19.0,3.0,75.648
HAM,70.0,0 days 00:01:15.638000,HARD,20.0,3.0,75.638
HAM,71.0,0 days 00:01:15.643000,HARD,21.0,3.0,75.643
HAM,72.0,0 days 00:01:15.468000,HARD,22.0,3.0,75.468
HAM,73.0,0 days 00:01:15.134000,HARD,23.0,3.0,75.134
HAM,74.0,0 days 00:01:15.324000,HARD,24.0,3.0,75.324
HAM,75.0,0 days 00:01:15.324000,HARD,25.0,3.0,75.324
HAM,76.0,0 days 00:01:15.245000,HARD,26.0,3.0,75.245
HAM,77.0,0 days 00:01:15.697000,HARD,27.0,3.0,75.697
HAM,78.0,0 days 00:01:16.355000,HARD,28.0,3.0,76.355
TSU,1.0,0 days 00:41:28.609000,MEDIUM,1.0,1.0,2488.609
TSU,2.0,0 days 00:02:28.277000,HARD,2.0,2.0,148.277
TSU,3.0,0 days 00:01:27.563000,HARD,3.0,2.0,87.563
TSU,4.0,0 days 00:01:23.327000,HARD,4.0,2.0,83.327
TSU,5.0,0 days 00:01:23.493000,HARD,5.0,2.0,83.493
TSU,6.0,0 days 00:01:23.224000,HARD,6.0,2.0,83.224
TSU,7.0,0 days 00:01:21.826000,HARD,7.0,2.0,81.826
TSU,8.0,0 days 00:01:21.651000,HARD,8.0,2.0,81.651
TSU,9.0,0 days 00:01:21.896000,HARD,9.0,2.0,81.896
TSU,10.0,0 days 00:01:21.591000,HARD,10.0,2.0,81.591
TSU,11.0,0 days 00:01:21.289000,HARD,11.0,2.0,81.289
TSU,12.0,0 days 00:01:21.089000,HARD,12.0,2.0,81.089
TSU,13.0,0 days 00:01:20.682000,HARD,13.0,2.0,80.682
TSU,14.0,0 days 00:01:21.249000,HARD,14.0,2.0,81.249
TSU,15.0,0 days 00:01:20.099000,HARD,15.0,2.0,80.099
TSU,16.0,0 days 00:01:20.847000,HARD,16.0,2.0,80.847
TSU,17.0,0 days 00:01:20.335000,HARD,17.0,2.0,80.335
TSU,18.0,0 days 00:01:20.612000,HARD,18.0,2.0,80.612
TSU,19.0,0 days 00:01:20.770000,HARD,19.0,2.0,80.77
TSU,20.0,0 days 00:01:19.991000,HARD,20.0,2.0,79.991
TSU,21.0,0 days 00:01:20.557000,HARD,21.0,2.0,80.557
TSU,22.0,0 days 00:01:20.875000,HARD,22.0,2.0,80.875
TSU,23.0,0 days 00:01:20.450000,HARD,23.0,2.0,80.45
TSU,24.0,0 days 00:01:20.386000,HARD,24.0,2.0,80.386
TSU,25.0,0 days 00:01:20.329000,HARD,25.0,2.0,80.329
TSU,26.0,0 days 00:01:20.448000,HARD,26.0,2.0,80.448
TSU,27.0,0 days 00:01:20.286000,HARD,27.0,2.0,80.286
TSU,28.0,0 days 00:01:20.184000,HARD,28.0,2.0,80.184
TSU,29.0,0 days 00:01:19.837000,HARD,29.0,2.0,79.837
TSU,30.0,0 days 00:01:20.495000,HARD,30.0,2.0,80.495
TSU,31.0,0 days 00:01:20.190000,HARD,31.0,2.0,80.19
TSU,32.0,0 days 00:01:21.023000,HARD,32.0,2.0,81.023
TSU,33.0,0 days 00:01:20.749000,HARD,33.0,2.0,80.749
TSU,34.0,0 days 00:01:19.153000,HARD,34.0,2.0,79.153
TSU,35.0,0 days 00:01:18.973000,HARD,35.0,2.0,78.973
TSU,36.0,0 days 00:01:19.472000,HARD,36.0,2.0,79.472
TSU,37.0,0 days 00:01:20.071000,HARD,37.0,2.0,80.071
TSU,38.0,0 days 00:01:20.117000,HARD,38.0,2.0,80.117
TSU,39.0,0 days 00:01:19.855000,HARD,39.0,2.0,79.855
TSU,40.0,0 days 00:01:19.745000,HARD,40.0,2.0,79.745
TSU,41.0,0 days 00:01:20.772000,HARD,41.0,2.0,80.772
TSU,42.0,0 days 00:01:20.320000,HARD,42.0,2.0,80.32
TSU,43.0,0 days 00:01:20.135000,HARD,43.0,2.0,80.135
TSU,44.0,0 days 00:01:20.394000,HARD,44.0,2.0,80.394
TSU,45.0,0 days 00:01:20.144000,HARD,45.0,2.0,80.144
TSU,46.0,0 days 00:01:20.294000,HARD,46.0,2.0,80.294
TSU,47.0,0 days 00:01:20.426000,HARD,47.0,2.0,80.426
TSU,48.0,0 days 00:01:20.543000,HARD,48.0,2.0,80.543
TSU,49.0,0 days 00:01:20.109000,HARD,49.0,2.0,80.109
TSU,50.0,0 days 00:01:19.553000,HARD,50.0,2.0,79.553
TSU,51.0,0 days 00:01:18.640000,HARD,51.0,2.0,78.64
TSU,52.0,0 days 00:01:20.114000,HARD,52.0,2.0,80.114
TSU,53.0,0 days 00:01:19.854000,HARD,53.0,2.0,79.854
TSU,54.0,0 days 00:01:25.770000,HARD,54.0,2.0,85.77
TSU,55.0,0 days 00:01:19.781000,HARD,55.0,2.0,79.781
TSU,56.0,0 days 00:01:18.502000,HARD,56.0,2.0,78.502
TSU,57.0,0 days 00:01:18.499000,HARD,57.0,2.0,78.499
TSU,58.0,0 days 00:01:18.737000,HARD,58.0,2.0,78.737
TSU,59.0,0 days 00:01:18.035000,HARD,59.0,2.0,78.035
TSU,60.0,0 days 00:01:19.659000,HARD,60.0,2.0,79.659
TSU,61.0,0 days 00:01:20.298000,HARD,61.0,2.0,80.298
TSU,62.0,0 days 00:01:19.375000,HARD,62.0,2.0,79.375
TSU,63.0,0 days 00:01:23.218000,HARD,63.0,2.0,83.218
TSU,64.0,0 days 00:01:17.631000,HARD,64.0,2.0,77.631
TSU,65.0,0 days 00:01:17.019000,HARD,65.0,2.0,77.019
TSU,66.0,0 days 00:01:18.197000,HARD,66.0,2.0,78.197
TSU,67.0,0 days 00:01:18.148000,HARD,67.0,2.0,78.148
TSU,68.0,0 days 00:01:18.209000,HARD,68.0,2.0,78.209
TSU,69.0,0 days 00:01:20.032000,HARD,69.0,2.0,80.032
TSU,70.0,0 days 00:01:19.347000,HARD,70.0,2.0,79.347
TSU,71.0,0 days 00:01:18.258000,HARD,71.0,2.0,78.258
TSU,72.0,0 days 00:01:17.079000,HARD,72.0,2.0,77.079
TSU,73.0,0 days 00:01:15.955000,HARD,73.0,2.0,75.955
TSU,74.0,0 days 00:01:15.462000,HARD,74.0,2.0,75.462
TSU,75.0,0 days 00:01:14.992000,HARD,75.0,2.0,74.992
TSU,76.0,0 days 00:01:15.205000,HARD,76.0,2.0,75.205
TSU,77.0,0 days 00:01:14.720000,HARD,77.0,2.0,74.72
ALB,1.0,0 days 00:41:34.817000,MEDIUM,1.0,1.0,2494.817
ALB,2.0,0 days 00:02:22.255000,HARD,1.0,2.0,142.255
ALB,3.0,0 days 00:01:27.834000,HARD,2.0,2.0,87.834
ALB,4.0,0 days 00:01:23.286000,HARD,3.0,2.0,83.286
ALB,5.0,0 days 00:01:23.369000,HARD,4.0,2.0,83.369
ALB,6.0,0 days 00:01:23.416000,HARD,5.0,2.0,83.416
ALB,7.0,0 days 00:01:21.913000,HARD,6.0,2.0,81.913
ALB,8.0,0 days 00:01:21.536000,HARD,7.0,2.0,81.536
ALB,9.0,0 days 00:01:22.004000,HARD,8.0,2.0,82.004
ALB,10.0,0 days 00:01:21.562000,HARD,9.0,2.0,81.562
ALB,11.0,0 days 00:01:21.514000,HARD,10.0,2.0,81.514
ALB,12.0,0 days 00:01:20.821000,HARD,11.0,2.0,80.821
ALB,13.0,0 days 00:01:21.420000,HARD,12.0,2.0,81.42
ALB,14.0,0 days 00:01:20.591000,HARD,13.0,2.0,80.591
ALB,15.0,0 days 00:01:20.591000,HARD,14.0,2.0,80.591
ALB,16.0,0 days 00:01:20.793000,HARD,15.0,2.0,80.793
ALB,17.0,0 days 00:01:21.137000,HARD,16.0,2.0,81.137
ALB,18.0,0 days 00:01:20.042000,HARD,17.0,2.0,80.042
ALB,19.0,0 days 00:01:20.245000,HARD,18.0,2.0,80.245
ALB,20.0,0 days 00:01:20.360000,HARD,19.0,2.0,80.36
ALB,21.0,0 days 00:01:20.937000,HARD,20.0,2.0,80.937
ALB,22.0,0 days 00:01:20.542000,HARD,21.0,2.0,80.542
ALB,23.0,0 days 00:01:20.143000,HARD,22.0,2.0,80.143
ALB,24.0,0 days 00:01:20.517000,HARD,23.0,2.0,80.517
ALB,25.0,0 days 00:01:20.323000,HARD,24.0,2.0,80.323
ALB,26.0,0 days 00:01:20.463000,HARD,25.0,2.0,80.463
ALB,27.0,0 days 00:01:20.509000,HARD,26.0,2.0,80.509
ALB,28.0,0 days 00:01:19.510000,HARD,27.0,2.0,79.51
ALB,29.0,0 days 00:01:20.271000,HARD,28.0,2.0,80.271
ALB,30.0,0 days 00:01:21.439000,HARD,29.0,2.0,81.439
ALB,31.0,0 days 00:01:20.941000,HARD,30.0,2.0,80.941
ALB,32.0,0 days 00:01:20.148000,HARD,31.0,2.0,80.148
ALB,33.0,0 days 00:01:19.491000,HARD,32.0,2.0,79.491
ALB,34.0,0 days 00:01:19.134000,HARD,33.0,2.0,79.134
ALB,35.0,0 days 00:01:18.816000,HARD,34.0,2.0,78.816
ALB,36.0,0 days 00:01:21.628000,HARD,35.0,2.0,81.628
ALB,37.0,0 days 00:01:20.775000,HARD,36.0,2.0,80.775
ALB,38.0,0 days 00:01:20.314000,HARD,37.0,2.0,80.314
ALB,39.0,0 days 00:01:20.389000,HARD,38.0,2.0,80.389
ALB,40.0,0 days 00:01:19.812000,HARD,39.0,2.0,79.812
ALB,41.0,0 days 00:01:19.329000,HARD,40.0,2.0,79.329
ALB,42.0,0 days 00:01:20.084000,HARD,41.0,2.0,80.084
ALB,43.0,0 days 00:01:19.496000,HARD,42.0,2.0,79.496
ALB,44.0,0 days 00:01:19.683000,HARD,43.0,2.0,79.683
ALB,45.0,0 days 00:01:21.748000,HARD,44.0,2.0,81.748
ALB,46.0,0 days 00:01:20.594000,HARD,45.0,2.0,80.594
ALB,47.0,0 days 00:01:20.462000,HARD,46.0,2.0,80.462
ALB,48.0,0 days 00:01:19.321000,HARD,47.0,2.0,79.321
ALB,49.0,0 days 00:01:19.378000,HARD,48.0,2.0,79.378
ALB,50.0,0 days 00:01:19.268000,HARD,49.0,2.0,79.268
ALB,51.0,0 days 00:01:18.863000,HARD,50.0,2.0,78.863
ALB,52.0,0 days 00:01:21.554000,HARD,51.0,2.0,81.554
ALB,53.0,0 days 00:01:20.700000,HARD,52.0,2.0,80.7
ALB,54.0,0 days 00:01:23.647000,HARD,53.0,2.0,83.647
ALB,55.0,0 days 00:01:19.085000,HARD,54.0,2.0,79.085
ALB,56.0,0 days 00:01:18.796000,HARD,55.0,2.0,78.796
ALB,57.0,0 days 00:01:18.271000,HARD,56.0,2.0,78.271
ALB,58.0,0 days 00:01:18.690000,HARD,57.0,2.0,78.69
ALB,59.0,0 days 00:01:18.201000,HARD,58.0,2.0,78.201
ALB,60.0,0 days 00:01:19.533000,HARD,59.0,2.0,79.533
ALB,61.0,0 days 00:01:20.222000,HARD,60.0,2.0,80.222
ALB,62.0,0 days 00:01:19.506000,HARD,61.0,2.0,79.506
ALB,63.0,0 days 00:01:23.085000,HARD,62.0,2.0,83.085
ALB,64.0,0 days 00:01:17.911000,HARD,63.0,2.0,77.911
ALB,65.0,0 days 00:01:17.261000,HARD,64.0,2.0,77.261
ALB,66.0,0 days 00:01:18.003000,HARD,65.0,2.0,78.003
ALB,67.0,0 days 00:01:17.874000,HARD,66.0,2.0,77.874
ALB,68.0,0 days 00:01:18.385000,HARD,67.0,2.0,78.385
ALB,69.0,0 days 00:01:19.921000,HARD,68.0,2.0,79.921
ALB,70.0,0 days 00:01:19.370000,HARD,69.0,2.0,79.37
ALB,71.0,0 days 00:01:18.957000,HARD,70.0,2.0,78.957
ALB,72.0,0 days 00:01:18.165000,HARD,71.0,2.0,78.165
ALB,73.0,0 days 00:01:18.432000,HARD,72.0,2.0,78.432
ALB,74.0,0 days 00:01:18.014000,HARD,73.0,2.0,78.014
ALB,75.0,0 days 00:01:17.850000,HARD,74.0,2.0,77.85
ALB,76.0,0 days 00:01:17.279000,HARD,75.0,2.0,77.279
ALB,77.0,0 days 00:01:17.060000,HARD,76.0,2.0,77.06
GAS,1.0,0 days 00:41:37.695000,HARD,1.0,1.0,2497.695
GAS,2.0,0 days 00:02:19.618000,MEDIUM,1.0,2.0,139.618
GAS,3.0,0 days 00:01:28.269000,MEDIUM,2.0,2.0,88.269
GAS,4.0,0 days 00:01:23.269000,MEDIUM,3.0,2.0,83.269
GAS,5.0,0 days 00:01:23.428000,MEDIUM,4.0,2.0,83.428
GAS,6.0,0 days 00:01:23.106000,MEDIUM,5.0,2.0,83.106
GAS,7.0,0 days 00:01:22.233000,MEDIUM,6.0,2.0,82.233
GAS,8.0,0 days 00:01:21.600000,MEDIUM,7.0,2.0,81.6
GAS,9.0,0 days 00:01:22.071000,MEDIUM,8.0,2.0,82.071
GAS,10.0,0 days 00:01:21.394000,MEDIUM,9.0,2.0,81.394
GAS,11.0,0 days 00:01:21.298000,MEDIUM,10.0,2.0,81.298
GAS,12.0,0 days 00:01:21.289000,MEDIUM,11.0,2.0,81.289
GAS,13.0,0 days 00:01:21.530000,MEDIUM,12.0,2.0,81.53
GAS,14.0,0 days 00:01:19.920000,MEDIUM,13.0,2.0,79.92
GAS,15.0,0 days 00:01:21.066000,MEDIUM,14.0,2.0,81.066
GAS,16.0,0 days 00:01:21.054000,MEDIUM,15.0,2.0,81.054
GAS,17.0,0 days 00:01:21.961000,MEDIUM,16.0,2.0,81.961
GAS,18.0,0 days 00:01:20.797000,MEDIUM,17.0,2.0,80.797
GAS,19.0,0 days 00:01:19.904000,MEDIUM,18.0,2.0,79.904
GAS,20.0,0 days 00:01:20.255000,MEDIUM,19.0,2.0,80.255
GAS,21.0,0 days 00:01:19.876000,MEDIUM,20.0,2.0,79.876
GAS,22.0,0 days 00:01:20.554000,MEDIUM,21.0,2.0,80.554
GAS,23.0,0 days 00:01:21.306000,MEDIUM,22.0,2.0,81.306
GAS,24.0,0 days 00:01:20.949000,MEDIUM,23.0,2.0,80.949
GAS,25.0,0 days 00:01:20.372000,MEDIUM,24.0,2.0,80.372
GAS,26.0,0 days 00:01:20.593000,MEDIUM,25.0,2.0,80.593
GAS,27.0,0 days 00:01:20.521000,MEDIUM,26.0,2.0,80.521
GAS,28.0,0 days 00:01:20.229000,MEDIUM,27.0,2.0,80.229
GAS,29.0,0 days 00:01:19.376000,MEDIUM,28.0,2.0,79.376
GAS,30.0,0 days 00:01:21.764000,MEDIUM,29.0,2.0,81.764
GAS,31.0,0 days 00:01:21.427000,MEDIUM,30.0,2.0,81.427
GAS,32.0,0 days 00:01:21.121000,MEDIUM,31.0,2.0,81.121
GAS,33.0,0 days 00:01:20.965000,MEDIUM,32.0,2.0,80.965
GAS,34.0,0 days 00:01:20.751000,MEDIUM,33.0,2.0,80.751
GAS,35.0,0 days 00:01:19.361000,MEDIUM,34.0,2.0,79.361
GAS,36.0,0 days 00:01:19.576000,MEDIUM,35.0,2.0,79.576
GAS,37.0,0 days 00:01:19.975000,MEDIUM,36.0,2.0,79.975
GAS,38.0,0 days 00:01:19.428000,MEDIUM,37.0,2.0,79.428
GAS,39.0,0 days 00:01:20.320000,MEDIUM,38.0,2.0,80.32
GAS,40.0,0 days 00:01:20.384000,MEDIUM,39.0,2.0,80.384
GAS,41.0,0 days 00:01:20.200000,MEDIUM,40.0,2.0,80.2
GAS,42.0,0 days 00:01:19.977000,MEDIUM,41.0,2.0,79.977
GAS,43.0,0 days 00:01:21.048000,MEDIUM,42.0,2.0,81.048
GAS,44.0,0 days 00:01:20.621000,MEDIUM,43.0,2.0,80.621
GAS,45.0,0 days 00:01:19.382000,MEDIUM,44.0,2.0,79.382
GAS,46.0,0 days 00:01:19.970000,MEDIUM,45.0,2.0,79.97
GAS,47.0,0 days 00:01:19.435000,MEDIUM,46.0,2.0,79.435
GAS,48.0,0 days 00:01:19.865000,MEDIUM,47.0,2.0,79.865
GAS,49.0,0 days 00:01:20.534000,MEDIUM,48.0,2.0,80.534
GAS,50.0,0 days 00:01:21.023000,MEDIUM,49.0,2.0,81.023
GAS,51.0,0 days 00:01:24.473000,MEDIUM,50.0,2.0,84.473
GAS,52.0,0 days 00:01:19.743000,MEDIUM,51.0,2.0,79.743
GAS,53.0,0 days 00:01:19.917000,MEDIUM,52.0,2.0,79.917
GAS,54.0,0 days 00:01:19.091000,MEDIUM,53.0,2.0,79.091
GAS,55.0,0 days 00:01:19.407000,MEDIUM,54.0,2.0,79.407
GAS,56.0,0 days 00:01:19.704000,MEDIUM,55.0,2.0,79.704
GAS,57.0,0 days 00:01:19.448000,MEDIUM,56.0,2.0,79.448
GAS,58.0,0 days 00:01:19.097000,MEDIUM,57.0,2.0,79.097
GAS,59.0,0 days 00:01:21.378000,MEDIUM,58.0,2.0,81.378
GAS,60.0,0 days 00:01:20.237000,MEDIUM,59.0,2.0,80.237
GAS,61.0,0 days 00:01:20.407000,MEDIUM,60.0,2.0,80.407
GAS,62.0,0 days 00:01:18.469000,MEDIUM,61.0,2.0,78.469
GAS,63.0,0 days 00:01:19.155000,MEDIUM,62.0,2.0,79.155
GAS,64.0,0 days 00:01:18.868000,MEDIUM,63.0,2.0,78.868
GAS,65.0,0 days 00:01:19.220000,MEDIUM,64.0,2.0,79.22
GAS,66.0,0 days 00:01:18.726000,MEDIUM,65.0,2.0,78.726
GAS,67.0,0 days 00:01:18.624000,MEDIUM,66.0,2.0,78.624
GAS,68.0,0 days 00:01:18.545000,MEDIUM,67.0,2.0,78.545
GAS,69.0,0 days 00:01:18.363000,MEDIUM,68.0,2.0,78.363
GAS,70.0,0 days 00:01:17.799000,MEDIUM,69.0,2.0,77.799
GAS,71.0,0 days 00:01:18.140000,MEDIUM,70.0,2.0,78.14
GAS,72.0,0 days 00:01:18.382000,MEDIUM,71.0,2.0,78.382
GAS,73.0,0 days 00:01:17.992000,MEDIUM,72.0,2.0,77.992
GAS,74.0,0 days 00:01:16.689000,MEDIUM,73.0,2.0,76.689
GAS,75.0,0 days 00:01:18.120000,MEDIUM,74.0,2.0,78.12
GAS,76.0,0 days 00:01:17.516000,MEDIUM,75.0,2.0,77.516
GAS,77.0,0 days 00:01:15.625000,MEDIUM,76.0,2.0,75.625
ALO,1.0,0 days 00:41:53.184000,HARD,2.0,1.0,2513.184
ALO,2.0,0 days 00:02:04.571000,MEDIUM,2.0,2.0,124.571
ALO,3.0,0 days 00:01:29.188000,MEDIUM,3.0,2.0,89.188
ALO,4.0,0 days 00:01:23.736000,MEDIUM,4.0,2.0,83.736
ALO,5.0,0 days 00:01:23.575000,MEDIUM,5.0,2.0,83.575
ALO,6.0,0 days 00:01:22.711000,MEDIUM,6.0,2.0,82.711
ALO,7.0,0 days 00:01:22.866000,MEDIUM,7.0,2.0,82.866
ALO,8.0,0 days 00:01:22.284000,MEDIUM,8.0,2.0,82.284
ALO,9.0,0 days 00:01:21.650000,MEDIUM,9.0,2.0,81.65
ALO,10.0,0 days 00:01:21.864000,MEDIUM,10.0,2.0,81.864
ALO,11.0,0 days 00:01:21.418000,MEDIUM,11.0,2.0,81.418
ALO,12.0,0 days 00:01:21.366000,MEDIUM,12.0,2.0,81.366
ALO,13.0,0 days 00:01:21.428000,MEDIUM,13.0,2.0,81.428
ALO,14.0,0 days 00:01:21.392000,MEDIUM,14.0,2.0,81.392
ALO,15.0,0 days 00:01:21.061000,MEDIUM,15.0,2.0,81.061
ALO,16.0,0 days 00:01:21.318000,MEDIUM,16.0,2.0,81.318
ALO,17.0,0 days 00:01:20.799000,MEDIUM,17.0,2.0,80.799
ALO,18.0,0 days 00:01:21.075000,MEDIUM,18.0,2.0,81.075
ALO,19.0,0 days 00:01:20.605000,MEDIUM,19.0,2.0,80.605
ALO,20.0,0 days 00:01:21.110000,MEDIUM,20.0,2.0,81.11
ALO,21.0,0 days 00:01:20.317000,MEDIUM,21.0,2.0,80.317
ALO,22.0,0 days 00:01:21.037000,MEDIUM,22.0,2.0,81.037
ALO,23.0,0 days 00:01:20.246000,MEDIUM,23.0,2.0,80.246
ALO,24.0,0 days 00:01:21.413000,MEDIUM,24.0,2.0,81.413
ALO,25.0,0 days 00:01:21.091000,MEDIUM,25.0,2.0,81.091
ALO,26.0,0 days 00:01:20.858000,MEDIUM,26.0,2.0,80.858
ALO,27.0,0 days 00:01:21.303000,MEDIUM,27.0,2.0,81.303
ALO,28.0,0 days 00:01:21.544000,MEDIUM,28.0,2.0,81.544
ALO,29.0,0 days 00:01:21.205000,MEDIUM,29.0,2.0,81.205
ALO,30.0,0 days 00:01:21.034000,MEDIUM,30.0,2.0,81.034
ALO,31.0,0 days 00:01:20.642000,MEDIUM,31.0,2.0,80.642
ALO,32.0,0 days 00:01:21.010000,MEDIUM,32.0,2.0,81.01
ALO,33.0,0 days 00:01:20.350000,MEDIUM,33.0,2.0,80.35
ALO,34.0,0 days 00:01:20.877000,MEDIUM,34.0,2.0,80.877
ALO,35.0,0 days 00:01:20.432000,MEDIUM,35.0,2.0,80.432
ALO,36.0,0 days 00:01:21.128000,MEDIUM,36.0,2.0,81.128
ALO,37.0,0 days 00:01:21.512000,MEDIUM,37.0,2.0,81.512
ALO,38.0,0 days 00:01:21.082000,MEDIUM,38.0,2.0,81.082
ALO,39.0,0 days 00:01:21.265000,MEDIUM,39.0,2.0,81.265
ALO,40.0,0 days 00:01:20.755000,MEDIUM,40.0,2.0,80.755
ALO,41.0,0 days 00:01:23.446000,MEDIUM,41.0,2.0,83.446
ALO,42.0,0 days 00:01:23.332000,MEDIUM,42.0,2.0,83.332
ALO,43.0,0 days 00:01:20.286000,MEDIUM,43.0,2.0,80.286
ALO,44.0,0 days 00:01:18.852000,MEDIUM,44.0,2.0,78.852
ALO,45.0,0 days 00:01:19.956000,MEDIUM,45.0,2.0,79.956
ALO,46.0,0 days 00:01:18.928000,MEDIUM,46.0,2.0,78.928
ALO,47.0,0 days 00:01:19.109000,MEDIUM,47.0,2.0,79.109
ALO,48.0,0 days 00:01:20.315000,MEDIUM,48.0,2.0,80.315
ALO,49.0,0 days 00:01:19.837000,MEDIUM,49.0,2.0,79.837
ALO,50.0,0 days 00:01:19.334000,MEDIUM,50.0,2.0,79.334
ALO,51.0,0 days 00:01:20.636000,MEDIUM,51.0,2.0,80.636
ALO,52.0,0 days 00:01:23.377000,MEDIUM,52.0,2.0,83.377
ALO,53.0,0 days 00:01:19.992000,MEDIUM,53.0,2.0,79.992
ALO,54.0,0 days 00:01:19.191000,MEDIUM,54.0,2.0,79.191
ALO,55.0,0 days 00:01:19.411000,MEDIUM,55.0,2.0,79.411
ALO,56.0,0 days 00:01:20.739000,MEDIUM,56.0,2.0,80.739
ALO,57.0,0 days 00:01:20.600000,MEDIUM,57.0,2.0,80.6
ALO,58.0,0 days 00:01:19.229000,MEDIUM,58.0,2.0,79.229
ALO,59.0,0 days 00:01:19.219000,MEDIUM,59.0,2.0,79.219
ALO,60.0,0 days 00:01:19.166000,MEDIUM,60.0,2.0,79.166
ALO,61.0,0 days 00:01:18.752000,MEDIUM,61.0,2.0,78.752
ALO,62.0,0 days 00:01:18.816000,MEDIUM,62.0,2.0,78.816
ALO,63.0,0 days 00:01:18.556000,MEDIUM,63.0,2.0,78.556
ALO,64.0,0 days 00:01:18.736000,MEDIUM,64.0,2.0,78.736
ALO,65.0,0 days 00:01:18.633000,MEDIUM,65.0,2.0,78.633
ALO,66.0,0 days 00:01:18.637000,MEDIUM,66.0,2.0,78.637
ALO,67.0,0 days 00:01:18.126000,MEDIUM,67.0,2.0,78.126
ALO,68.0,0 days 00:01:17.939000,MEDIUM,68.0,2.0,77.939
ALO,69.0,0 days 00:01:18.713000,MEDIUM,69.0,2.0,78.713
ALO,70.0,0 days 00:01:18.473000,MEDIUM,70.0,2.0,78.473
ALO,71.0,0 days 00:01:18.133000,MEDIUM,71.0,2.0,78.133
ALO,72.0,0 days 00:01:18.081000,MEDIUM,72.0,2.0,78.081
ALO,73.0,0 days 00:01:18.504000,MEDIUM,73.0,2.0,78.504
ALO,74.0,0 days 00:01:20.336000,MEDIUM,74.0,2.0,80.336
ALO,75.0,0 days 00:01:18.663000,MEDIUM,75.0,2.0,78.663
ALO,76.0,0 days 00:01:19.053000,MEDIUM,76.0,2.0,79.053
RIC,1.0,0 days 00:41:47.607000,MEDIUM,1.0,1.0,2507.607
RIC,2.0,0 days 00:02:10.108000,HARD,2.0,2.0,130.108
RIC,3.0,0 days 00:01:29.656000,HARD,3.0,2.0,89.656
RIC,4.0,0 days 00:01:23.524000,HARD,4.0,2.0,83.524
RIC,5.0,0 days 00:01:23.744000,HARD,5.0,2.0,83.744
RIC,6.0,0 days 00:01:22.748000,HARD,6.0,2.0,82.748
RIC,7.0,0 days 00:01:22.747000,HARD,7.0,2.0,82.747
RIC,8.0,0 days 00:01:22.433000,HARD,8.0,2.0,82.433
RIC,9.0,0 days 00:01:21.528000,HARD,9.0,2.0,81.528
RIC,10.0,0 days 00:01:21.976000,HARD,10.0,2.0,81.976
RIC,11.0,0 days 00:01:21.530000,HARD,11.0,2.0,81.53
RIC,12.0,0 days 00:01:21.277000,HARD,12.0,2.0,81.277
RIC,13.0,0 days 00:01:21.416000,HARD,13.0,2.0,81.416
RIC,14.0,0 days 00:01:21.391000,HARD,14.0,2.0,81.391
RIC,15.0,0 days 00:01:21.177000,HARD,15.0,2.0,81.177
RIC,16.0,0 days 00:01:21.125000,HARD,16.0,2.0,81.125
RIC,17.0,0 days 00:01:20.862000,HARD,17.0,2.0,80.862
RIC,18.0,0 days 00:01:21.108000,HARD,18.0,2.0,81.108
RIC,19.0,0 days 00:01:21.310000,HARD,19.0,2.0,81.31
RIC,20.0,0 days 00:01:20.942000,HARD,20.0,2.0,80.942
RIC,21.0,0 days 00:01:20.817000,HARD,21.0,2.0,80.817
RIC,22.0,0 days 00:01:20.849000,HARD,22.0,2.0,80.849
RIC,23.0,0 days 00:01:20.662000,HARD,23.0,2.0,80.662
RIC,24.0,0 days 00:01:20.348000,HARD,24.0,2.0,80.348
RIC,25.0,0 days 00:01:21.029000,HARD,25.0,2.0,81.029
RIC,26.0,0 days 00:01:20.691000,HARD,26.0,2.0,80.691
RIC,27.0,0 days 00:01:21.365000,HARD,27.0,2.0,81.365
RIC,28.0,0 days 00:01:21.566000,HARD,28.0,2.0,81.566
RIC,29.0,0 days 00:01:21.265000,HARD,29.0,2.0,81.265
RIC,30.0,0 days 00:01:20.900000,HARD,30.0,2.0,80.9
RIC,31.0,0 days 00:01:20.703000,HARD,31.0,2.0,80.703
RIC,32.0,0 days 00:01:20.940000,HARD,32.0,2.0,80.94
RIC,33.0,0 days 00:01:20.395000,HARD,33.0,2.0,80.395
RIC,34.0,0 days 00:01:20.840000,HARD,34.0,2.0,80.84
RIC,35.0,0 days 00:01:20.540000,HARD,35.0,2.0,80.54
RIC,36.0,0 days 00:01:21.126000,HARD,36.0,2.0,81.126
RIC,37.0,0 days 00:01:21.358000,HARD,37.0,2.0,81.358
RIC,38.0,0 days 00:01:21.099000,HARD,38.0,2.0,81.099
RIC,39.0,0 days 00:01:21.255000,HARD,39.0,2.0,81.255
RIC,40.0,0 days 00:01:20.870000,HARD,40.0,2.0,80.87
RIC,41.0,0 days 00:01:25.218000,HARD,41.0,2.0,85.218
RIC,42.0,0 days 00:01:21.527000,HARD,42.0,2.0,81.527
RIC,43.0,0 days 00:01:21.053000,HARD,43.0,2.0,81.053
RIC,44.0,0 days 00:01:18.003000,HARD,44.0,2.0,78.003
RIC,45.0,0 days 00:01:21.761000,HARD,45.0,2.0,81.761
RIC,46.0,0 days 00:01:17.172000,HARD,46.0,2.0,77.172
RIC,47.0,0 days 00:01:21.071000,HARD,47.0,2.0,81.071
RIC,48.0,0 days 00:01:18.282000,HARD,48.0,2.0,78.282
RIC,49.0,0 days 00:01:19.837000,HARD,49.0,2.0,79.837
RIC,50.0,0 days 00:01:19.796000,HARD,50.0,2.0,79.796
RIC,51.0,0 days 00:01:22.683000,HARD,51.0,2.0,82.683
RIC,52.0,0 days 00:01:20.696000,HARD,52.0,2.0,80.696
RIC,53.0,0 days 00:01:20.079000,HARD,53.0,2.0,80.079
RIC,54.0,0 days 00:01:19.176000,HARD,54.0,2.0,79.176
RIC,55.0,0 days 00:01:19.457000,HARD,55.0,2.0,79.457
RIC,56.0,0 days 00:01:22.007000,HARD,56.0,2.0,82.007
RIC,57.0,0 days 00:01:19.672000,HARD,57.0,2.0,79.672
RIC,58.0,0 days 00:01:19.119000,HARD,58.0,2.0,79.119
RIC,59.0,0 days 00:01:18.936000,HARD,59.0,2.0,78.936
RIC,60.0,0 days 00:01:19.230000,HARD,60.0,2.0,79.23
RIC,61.0,0 days 00:01:18.771000,HARD,61.0,2.0,78.771
RIC,62.0,0 days 00:01:18.977000,HARD,62.0,2.0,78.977
RIC,63.0,0 days 00:01:18.805000,HARD,63.0,2.0,78.805
RIC,64.0,0 days 00:01:18.637000,HARD,64.0,2.0,78.637
RIC,65.0,0 days 00:01:18.730000,HARD,65.0,2.0,78.73
RIC,66.0,0 days 00:01:18.248000,HARD,66.0,2.0,78.248
RIC,67.0,0 days 00:01:18.219000,HARD,67.0,2.0,78.219
RIC,68.0,0 days 00:01:18.116000,HARD,68.0,2.0,78.116
RIC,69.0,0 days 00:01:18.386000,HARD,69.0,2.0,78.386
RIC,70.0,0 days 00:01:18.706000,HARD,70.0,2.0,78.706
RIC,71.0,0 days 00:01:18.108000,HARD,71.0,2.0,78.108
RIC,72.0,0 days 00:01:18.068000,HARD,72.0,2.0,78.068
RIC,73.0,0 days 00:01:18.512000,HARD,73.0,2.0,78.512
RIC,74.0,0 days 00:01:20.358000,HARD,74.0,2.0,80.358
RIC,75.0,0 days 00:01:18.645000,HARD,75.0,2.0,78.645
RIC,76.0,0 days 00:01:18.930000,HARD,76.0,2.0,78.93
BOT,1.0,0 days 00:42:01.748000,HARD,1.0,1.0,2521.748
BOT,2.0,0 days 00:01:56.358000,MEDIUM,1.0,2.0,116.358
BOT,3.0,0 days 00:01:29.743000,MEDIUM,2.0,2.0,89.743
BOT,4.0,0 days 00:01:23.386000,MEDIUM,3.0,2.0,83.386
BOT,5.0,0 days 00:01:23.636000,MEDIUM,4.0,2.0,83.636
BOT,6.0,0 days 00:01:22.868000,MEDIUM,5.0,2.0,82.868
BOT,7.0,0 days 00:01:22.832000,MEDIUM,6.0,2.0,82.832
BOT,8.0,0 days 00:01:22.249000,MEDIUM,7.0,2.0,82.249
BOT,9.0,0 days 00:01:21.715000,MEDIUM,8.0,2.0,81.715
BOT,10.0,0 days 00:01:21.947000,MEDIUM,9.0,2.0,81.947
BOT,11.0,0 days 00:01:21.547000,MEDIUM,10.0,2.0,81.547
BOT,12.0,0 days 00:01:21.328000,MEDIUM,11.0,2.0,81.328
BOT,13.0,0 days 00:01:21.540000,MEDIUM,12.0,2.0,81.54
BOT,14.0,0 days 00:01:21.221000,MEDIUM,13.0,2.0,81.221
BOT,15.0,0 days 00:01:37.899000,MEDIUM,14.0,2.0,97.899
BOT,16.0,0 days 00:01:20.012000,HARD,2.0,3.0,80.012
BOT,17.0,0 days 00:01:16.561000,HARD,3.0,3.0,76.561
BOT,18.0,0 days 00:01:16.567000,HARD,4.0,3.0,76.567
BOT,19.0,0 days 00:01:17.829000,HARD,5.0,3.0,77.829
BOT,20.0,0 days 00:01:19.124000,HARD,6.0,3.0,79.124
BOT,21.0,0 days 00:01:20.462000,HARD,7.0,3.0,80.462
BOT,22.0,0 days 00:01:21.022000,HARD,8.0,3.0,81.022
BOT,23.0,0 days 00:01:20.750000,HARD,9.0,3.0,80.75
BOT,24.0,0 days 00:01:20.564000,HARD,10.0,3.0,80.564
BOT,25.0,0 days 00:01:20.783000,HARD,11.0,3.0,80.783
BOT,26.0,0 days 00:01:20.851000,HARD,12.0,3.0,80.851
BOT,27.0,0 days 00:01:21.370000,HARD,13.0,3.0,81.37
BOT,28.0,0 days 00:01:21.765000,HARD,14.0,3.0,81.765
BOT,29.0,0 days 00:01:20.857000,HARD,15.0,3.0,80.857
BOT,30.0,0 days 00:01:21.470000,HARD,16.0,3.0,81.47
BOT,31.0,0 days 00:01:20.752000,HARD,17.0,3.0,80.752
BOT,32.0,0 days 00:01:20.658000,HARD,18.0,3.0,80.658
BOT,33.0,0 days 00:01:20.525000,HARD,19.0,3.0,80.525
BOT,34.0,0 days 00:01:20.903000,HARD,20.0,3.0,80.903
BOT,35.0,0 days 00:01:20.254000,HARD,21.0,3.0,80.254
BOT,36.0,0 days 00:01:21.196000,HARD,22.0,3.0,81.196
BOT,37.0,0 days 00:01:21.386000,HARD,23.0,3.0,81.386
BOT,38.0,0 days 00:01:20.948000,HARD,24.0,3.0,80.948
BOT,39.0,0 days 00:01:23.172000,HARD,25.0,3.0,83.172
BOT,40.0,0 days 00:01:23.591000,HARD,26.0,3.0,83.591
BOT,41.0,0 days 00:01:20.230000,HARD,27.0,3.0,80.23
BOT,42.0,0 days 00:01:22.109000,HARD,28.0,3.0,82.109
BOT,43.0,0 days 00:01:20.912000,HARD,29.0,3.0,80.912
BOT,44.0,0 days 00:01:19.772000,HARD,30.0,3.0,79.772
BOT,45.0,0 days 00:01:20.043000,HARD,31.0,3.0,80.043
BOT,46.0,0 days 00:01:20.417000,HARD,32.0,3.0,80.417
BOT,47.0,0 days 00:01:22.969000,HARD,33.0,3.0,82.969
BOT,48.0,0 days 00:01:20.562000,HARD,34.0,3.0,80.562
BOT,49.0,0 days 00:01:20.818000,HARD,35.0,3.0,80.818
BOT,50.0,0 days 00:01:20.239000,HARD,36.0,3.0,80.239
BOT,51.0,0 days 00:01:17.205000,HARD,37.0,3.0,77.205
BOT,52.0,0 days 00:01:17.202000,HARD,38.0,3.0,77.202
BOT,53.0,0 days 00:01:18.456000,HARD,39.0,3.0,78.456
BOT,54.0,0 days 00:01:19.403000,HARD,40.0,3.0,79.403
BOT,55.0,0 days 00:01:20.375000,HARD,41.0,3.0,80.375
BOT,56.0,0 days 00:01:21.657000,HARD,42.0,3.0,81.657
BOT,57.0,0 days 00:01:18.994000,HARD,43.0,3.0,78.994
BOT,58.0,0 days 00:01:19.280000,HARD,44.0,3.0,79.28
BOT,59.0,0 days 00:01:18.999000,HARD,45.0,3.0,78.999
BOT,60.0,0 days 00:01:19.069000,HARD,46.0,3.0,79.069
BOT,61.0,0 days 00:01:18.623000,HARD,47.0,3.0,78.623
BOT,62.0,0 days 00:01:18.964000,HARD,48.0,3.0,78.964
BOT,63.0,0 days 00:01:19.024000,HARD,49.0,3.0,79.024
BOT,64.0,0 days 00:01:18.531000,HARD,50.0,3.0,78.531
BOT,65.0,0 days 00:01:18.642000,HARD,51.0,3.0,78.642
BOT,66.0,0 days 00:01:18.383000,HARD,52.0,3.0,78.383
BOT,67.0,0 days 00:01:18.467000,HARD,53.0,3.0,78.467
BOT,68.0,0 days 00:01:18.052000,HARD,54.0,3.0,78.052
BOT,69.0,0 days 00:01:18.088000,HARD,55.0,3.0,78.088
BOT,70.0,0 days 00:01:18.778000,HARD,56.0,3.0,78.778
BOT,71.0,0 days 00:01:18.104000,HARD,57.0,3.0,78.104
BOT,72.0,0 days 00:01:18.347000,HARD,58.0,3.0,78.347
BOT,73.0,0 days 00:01:20.068000,HARD,59.0,3.0,80.068
BOT,74.0,0 days 00:01:18.318000,HARD,60.0,3.0,78.318
BOT,75.0,0 days 00:01:18.779000,HARD,61.0,3.0,78.779
BOT,76.0,0 days 00:01:18.774000,HARD,62.0,3.0,78.774
STR,1.0,0 days 00:41:42.648000,HARD,2.0,1.0,2502.648
STR,2.0,0 days 00:02:14.844000,MEDIUM,2.0,2.0,134.844
STR,3.0,0 days 00:01:28.303000,MEDIUM,3.0,2.0,88.303
STR,4.0,0 days 00:01:23.354000,MEDIUM,4.0,2.0,83.354
STR,5.0,0 days 00:01:23.731000,MEDIUM,5.0,2.0,83.731
STR,6.0,0 days 00:01:22.977000,MEDIUM,6.0,2.0,82.977
STR,7.0,0 days 00:01:22.634000,MEDIUM,7.0,2.0,82.634
STR,8.0,0 days 00:01:21.653000,MEDIUM,8.0,2.0,81.653
STR,9.0,0 days 00:01:22.090000,MEDIUM,9.0,2.0,82.09
STR,10.0,0 days 00:01:21.725000,MEDIUM,10.0,2.0,81.725
STR,11.0,0 days 00:01:21.517000,MEDIUM,11.0,2.0,81.517
STR,12.0,0 days 00:01:21.471000,MEDIUM,12.0,2.0,81.471
STR,13.0,0 days 00:01:21.314000,MEDIUM,13.0,2.0,81.314
STR,14.0,0 days 00:01:20.427000,MEDIUM,14.0,2.0,80.427
STR,15.0,0 days 00:01:20.781000,MEDIUM,15.0,2.0,80.781
STR,16.0,0 days 00:01:21.189000,MEDIUM,16.0,2.0,81.189
STR,17.0,0 days 00:01:21.970000,MEDIUM,17.0,2.0,81.97
STR,18.0,0 days 00:01:20.698000,MEDIUM,18.0,2.0,80.698
STR,19.0,0 days 00:01:20.353000,MEDIUM,19.0,2.0,80.353
STR,20.0,0 days 00:01:19.398000,MEDIUM,20.0,2.0,79.398
STR,21.0,0 days 00:01:19.016000,MEDIUM,21.0,2.0,79.016
STR,22.0,0 days 00:01:21.307000,MEDIUM,22.0,2.0,81.307
STR,23.0,0 days 00:01:21.188000,MEDIUM,23.0,2.0,81.188
STR,24.0,0 days 00:01:21.621000,MEDIUM,24.0,2.0,81.621
STR,25.0,0 days 00:01:20.506000,MEDIUM,25.0,2.0,80.506
STR,26.0,0 days 00:01:20.589000,MEDIUM,26.0,2.0,80.589
STR,27.0,0 days 00:01:20.307000,MEDIUM,27.0,2.0,80.307
STR,28.0,0 days 00:01:20.131000,MEDIUM,28.0,2.0,80.131
STR,29.0,0 days 00:01:19.464000,MEDIUM,29.0,2.0,79.464
STR,30.0,0 days 00:01:21.422000,MEDIUM,30.0,2.0,81.422
STR,31.0,0 days 00:01:22.535000,MEDIUM,31.0,2.0,82.535
STR,32.0,0 days 00:01:21.252000,MEDIUM,32.0,2.0,81.252
STR,33.0,0 days 00:01:20.536000,MEDIUM,33.0,2.0,80.536
STR,34.0,0 days 00:01:19.789000,MEDIUM,34.0,2.0,79.789
STR,35.0,0 days 00:01:19.497000,MEDIUM,35.0,2.0,79.497
STR,36.0,0 days 00:01:19.297000,MEDIUM,36.0,2.0,79.297
STR,37.0,0 days 00:01:19.638000,MEDIUM,37.0,2.0,79.638
STR,38.0,0 days 00:01:19.706000,MEDIUM,38.0,2.0,79.706
STR,39.0,0 days 00:01:19.867000,MEDIUM,39.0,2.0,79.867
STR,40.0,0 days 00:01:20.450000,MEDIUM,40.0,2.0,80.45
STR,41.0,0 days 00:01:20.200000,MEDIUM,41.0,2.0,80.2
STR,42.0,0 days 00:01:37.062000,MEDIUM,42.0,2.0,97.062
STR,43.0,0 days 00:01:22.775000,HARD,3.0,3.0,82.775
STR,44.0,0 days 00:01:18.551000,HARD,4.0,3.0,78.551
STR,45.0,0 days 00:01:18.806000,HARD,5.0,3.0,78.806
STR,46.0,0 days 00:01:18.296000,HARD,6.0,3.0,78.296
STR,47.0,0 days 00:01:18.062000,HARD,7.0,3.0,78.062
STR,48.0,0 days 00:01:49.132000,HARD,8.0,3.0,109.132
STR,49.0,0 days 00:01:19.089000,SOFT,1.0,4.0,79.089
STR,50.0,0 days 00:01:17.788000,SOFT,2.0,4.0,77.788
STR,51.0,0 days 00:01:16.982000,SOFT,3.0,4.0,76.982
STR,52.0,0 days 00:01:17.350000,SOFT,4.0,4.0,77.35
STR,53.0,0 days 00:01:21.547000,SOFT,5.0,4.0,81.547
STR,54.0,0 days 00:01:20.571000,SOFT,6.0,4.0,80.571
STR,55.0,0 days 00:01:19.963000,SOFT,7.0,4.0,79.963
STR,56.0,0 days 00:01:17.279000,SOFT,8.0,4.0,77.279
STR,57.0,0 days 00:01:16.914000,SOFT,9.0,4.0,76.914
STR,58.0,0 days 00:01:17.156000,SOFT,10.0,4.0,77.156
STR,59.0,0 days 00:01:16.710000,SOFT,11.0,4.0,76.71
STR,60.0,0 days 00:01:17.326000,SOFT,12.0,4.0,77.326
STR,61.0,0 days 00:01:18.298000,SOFT,13.0,4.0,78.298
STR,62.0,0 days 00:01:19.070000,SOFT,14.0,4.0,79.07
STR,63.0,0 days 00:01:19.100000,SOFT,15.0,4.0,79.1
STR,64.0,0 days 00:01:18.425000,SOFT,16.0,4.0,78.425
STR,65.0,0 days 00:01:18.732000,SOFT,17.0,4.0,78.732
STR,66.0,0 days 00:01:18.748000,SOFT,18.0,4.0,78.748
STR,67.0,0 days 00:01:18.636000,SOFT,19.0,4.0,78.636
STR,68.0,0 days 00:01:18.057000,SOFT,20.0,4.0,78.057
STR,69.0,0 days 00:01:18.275000,SOFT,21.0,4.0,78.275
STR,70.0,0 days 00:01:18.557000,SOFT,22.0,4.0,78.557
STR,71.0,0 days 00:01:18.464000,SOFT,23.0,4.0,78.464
STR,72.0,0 days 00:01:18.332000,SOFT,24.0,4.0,78.332
STR,73.0,0 days 00:01:20.709000,SOFT,25.0,4.0,80.709
STR,74.0,0 days 00:01:18.230000,SOFT,26.0,4.0,78.23
STR,75.0,0 days 00:01:18.511000,SOFT,27.0,4.0,78.511
STR,76.0,0 days 00:01:18.623000,SOFT,28.0,4.0,78.623
SAR,1.0,0 days 00:41:56.858000,HARD,1.0,1.0,2516.858
SAR,2.0,0 days 00:02:01.235000,HARD,2.0,2.0,121.235
SAR,3.0,0 days 00:01:30.077000,HARD,3.0,2.0,90.077
SAR,4.0,0 days 00:01:23.682000,HARD,4.0,2.0,83.682
SAR,5.0,0 days 00:01:23.674000,HARD,5.0,2.0,83.674
SAR,6.0,0 days 00:01:22.739000,HARD,6.0,2.0,82.739
SAR,7.0,0 days 00:01:22.899000,HARD,7.0,2.0,82.899
SAR,8.0,0 days 00:01:22.221000,HARD,8.0,2.0,82.221
SAR,9.0,0 days 00:01:21.679000,HARD,9.0,2.0,81.679
SAR,10.0,0 days 00:01:21.944000,HARD,10.0,2.0,81.944
SAR,11.0,0 days 00:01:21.492000,HARD,11.0,2.0,81.492
SAR,12.0,0 days 00:01:21.404000,HARD,12.0,2.0,81.404
SAR,13.0,0 days 00:01:21.499000,HARD,13.0,2.0,81.499
SAR,14.0,0 days 00:01:21.219000,HARD,14.0,2.0,81.219
SAR,15.0,0 days 00:01:21.340000,HARD,15.0,2.0,81.34
SAR,16.0,0 days 00:01:20.646000,HARD,16.0,2.0,80.646
SAR,17.0,0 days 00:01:21.016000,HARD,17.0,2.0,81.016
SAR,18.0,0 days 00:01:21.031000,HARD,18.0,2.0,81.031
SAR,19.0,0 days 00:01:21.221000,HARD,19.0,2.0,81.221
SAR,20.0,0 days 00:01:20.853000,HARD,20.0,2.0,80.853
SAR,21.0,0 days 00:01:20.849000,HARD,21.0,2.0,80.849
SAR,22.0,0 days 00:01:20.897000,HARD,22.0,2.0,80.897
SAR,23.0,0 days 00:01:20.593000,HARD,23.0,2.0,80.593
SAR,24.0,0 days 00:01:20.395000,HARD,24.0,2.0,80.395
SAR,25.0,0 days 00:01:20.903000,HARD,25.0,2.0,80.903
SAR,26.0,0 days 00:01:20.929000,HARD,26.0,2.0,80.929
SAR,27.0,0 days 00:01:21.231000,HARD,27.0,2.0,81.231
SAR,28.0,0 days 00:01:21.604000,HARD,28.0,2.0,81.604
SAR,29.0,0 days 00:01:21.334000,HARD,29.0,2.0,81.334
SAR,30.0,0 days 00:01:20.840000,HARD,30.0,2.0,80.84
SAR,31.0,0 days 00:01:20.775000,HARD,31.0,2.0,80.775
SAR,32.0,0 days 00:01:20.797000,HARD,32.0,2.0,80.797
SAR,33.0,0 days 00:01:20.530000,HARD,33.0,2.0,80.53
SAR,34.0,0 days 00:01:20.738000,HARD,34.0,2.0,80.738
SAR,35.0,0 days 00:01:20.584000,HARD,35.0,2.0,80.584
SAR,36.0,0 days 00:01:21.134000,HARD,36.0,2.0,81.134
SAR,37.0,0 days 00:01:21.404000,HARD,37.0,2.0,81.404
SAR,38.0,0 days 00:01:21.131000,HARD,38.0,2.0,81.131
SAR,39.0,0 days 00:01:21.273000,HARD,39.0,2.0,81.273
SAR,40.0,0 days 00:01:21.780000,HARD,40.0,2.0,81.78
SAR,41.0,0 days 00:01:24.378000,HARD,41.0,2.0,84.378
SAR,42.0,0 days 00:01:21.870000,HARD,42.0,2.0,81.87
SAR,43.0,0 days 00:01:20.552000,HARD,43.0,2.0,80.552
SAR,44.0,0 days 00:01:19.511000,HARD,44.0,2.0,79.511
SAR,45.0,0 days 00:01:20.720000,HARD,45.0,2.0,80.72
SAR,46.0,0 days 00:01:20.124000,HARD,46.0,2.0,80.124
SAR,47.0,0 days 00:01:19.888000,HARD,47.0,2.0,79.888
SAR,48.0,0 days 00:01:20.970000,HARD,48.0,2.0,80.97
SAR,49.0,0 days 00:01:23.966000,HARD,49.0,2.0,83.966
SAR,50.0,0 days 00:01:20.292000,HARD,50.0,2.0,80.292
SAR,51.0,0 days 00:01:21.817000,HARD,51.0,2.0,81.817
SAR,52.0,0 days 00:01:20.780000,HARD,52.0,2.0,80.78
SAR,53.0,0 days 00:01:21.318000,HARD,53.0,2.0,81.318
SAR,54.0,0 days 00:01:22.289000,HARD,54.0,2.0,82.289
SAR,55.0,0 days 00:01:20.342000,HARD,55.0,2.0,80.342
SAR,56.0,0 days 00:01:21.474000,HARD,56.0,2.0,81.474
SAR,57.0,0 days 00:01:37.746000,HARD,57.0,2.0,97.746
SAR,58.0,0 days 00:01:19.809000,MEDIUM,1.0,3.0,79.809
SAR,59.0,0 days 00:01:15.594000,MEDIUM,2.0,3.0,75.594
SAR,60.0,0 days 00:01:15.580000,MEDIUM,3.0,3.0,75.58
SAR,61.0,0 days 00:01:15.558000,MEDIUM,4.0,3.0,75.558
SAR,62.0,0 days 00:01:15.525000,MEDIUM,5.0,3.0,75.525
SAR,63.0,0 days 00:01:15.688000,MEDIUM,6.0,3.0,75.688
SAR,64.0,0 days 00:01:16.895000,MEDIUM,7.0,3.0,76.895
SAR,65.0,0 days 00:01:19.869000,MEDIUM,8.0,3.0,79.869
SAR,66.0,0 days 00:01:20.799000,MEDIUM,9.0,3.0,80.799
SAR,67.0,0 days 00:01:20.347000,MEDIUM,10.0,3.0,80.347
SAR,68.0,0 days 00:01:20.004000,MEDIUM,11.0,3.0,80.004
SAR,69.0,0 days 00:01:16.077000,MEDIUM,12.0,3.0,76.077
SAR,70.0,0 days 00:01:16.866000,MEDIUM,13.0,3.0,76.866
SAR,71.0,0 days 00:01:16.326000,MEDIUM,14.0,3.0,76.326
SAR,72.0,0 days 00:01:16.402000,MEDIUM,15.0,3.0,76.402
SAR,73.0,0 days 00:01:16.370000,MEDIUM,16.0,3.0,76.37
SAR,74.0,0 days 00:01:16.863000,MEDIUM,17.0,3.0,76.863
SAR,75.0,0 days 00:01:16.324000,MEDIUM,18.0,3.0,76.324
SAR,76.0,0 days 00:01:17.197000,MEDIUM,19.0,3.0,77.197
ZHO,1.0,0 days 00:42:06.253000,MEDIUM,1.0,1.0,2526.253
ZHO,2.0,0 days 00:01:52.131000,HARD,1.0,2.0,112.131
ZHO,3.0,0 days 00:01:30.396000,HARD,2.0,2.0,90.396
ZHO,4.0,0 days 00:01:23.698000,HARD,3.0,2.0,83.698
ZHO,5.0,0 days 00:01:23.494000,HARD,4.0,2.0,83.494
ZHO,6.0,0 days 00:01:22.649000,HARD,5.0,2.0,82.649
ZHO,7.0,0 days 00:01:22.934000,HARD,6.0,2.0,82.934
ZHO,8.0,0 days 00:01:22.182000,HARD,7.0,2.0,82.182
ZHO,9.0,0 days 00:01:21.810000,HARD,8.0,2.0,81.81
ZHO,10.0,0 days 00:01:21.944000,HARD,9.0,2.0,81.944
ZHO,11.0,0 days 00:01:21.563000,HARD,10.0,2.0,81.563
ZHO,12.0,0 days 00:01:21.193000,HARD,11.0,2.0,81.193
ZHO,13.0,0 days 00:01:21.529000,HARD,12.0,2.0,81.529
ZHO,14.0,0 days 00:01:21.264000,HARD,13.0,2.0,81.264
ZHO,15.0,0 days 00:01:21.447000,HARD,14.0,2.0,81.447
ZHO,16.0,0 days 00:01:20.481000,HARD,15.0,2.0,80.481
ZHO,17.0,0 days 00:01:20.979000,HARD,16.0,2.0,80.979
ZHO,18.0,0 days 00:01:20.911000,HARD,17.0,2.0,80.911
ZHO,19.0,0 days 00:01:21.420000,HARD,18.0,2.0,81.42
ZHO,20.0,0 days 00:01:20.904000,HARD,19.0,2.0,80.904
ZHO,21.0,0 days 00:01:20.669000,HARD,20.0,2.0,80.669
ZHO,22.0,0 days 00:01:21.083000,HARD,21.0,2.0,81.083
ZHO,23.0,0 days 00:01:20.792000,HARD,22.0,2.0,80.792
ZHO,24.0,0 days 00:01:20.347000,HARD,23.0,2.0,80.347
ZHO,25.0,0 days 00:01:20.763000,HARD,24.0,2.0,80.763
ZHO,26.0,0 days 00:01:20.869000,HARD,25.0,2.0,80.869
ZHO,27.0,0 days 00:01:21.293000,HARD,26.0,2.0,81.293
ZHO,28.0,0 days 00:01:21.516000,HARD,27.0,2.0,81.516
ZHO,29.0,0 days 00:01:21.338000,HARD,28.0,2.0,81.338
ZHO,30.0,0 days 00:01:21.044000,HARD,29.0,2.0,81.044
ZHO,31.0,0 days 00:01:20.806000,HARD,30.0,2.0,80.806
ZHO,32.0,0 days 00:01:20.782000,HARD,31.0,2.0,80.782
ZHO,33.0,0 days 00:01:20.677000,HARD,32.0,2.0,80.677
ZHO,34.0,0 days 00:01:20.736000,HARD,33.0,2.0,80.736
ZHO,35.0,0 days 00:01:20.372000,HARD,34.0,2.0,80.372
ZHO,36.0,0 days 00:01:20.986000,HARD,35.0,2.0,80.986
ZHO,37.0,0 days 00:01:21.449000,HARD,36.0,2.0,81.449
ZHO,38.0,0 days 00:01:21.090000,HARD,37.0,2.0,81.09
ZHO,39.0,0 days 00:01:21.233000,HARD,38.0,2.0,81.233
ZHO,40.0,0 days 00:01:24.969000,HARD,39.0,2.0,84.969
ZHO,41.0,0 days 00:01:21.127000,HARD,40.0,2.0,81.127
ZHO,42.0,0 days 00:01:21.957000,HARD,41.0,2.0,81.957
ZHO,43.0,0 days 00:01:20.578000,HARD,42.0,2.0,80.578
ZHO,44.0,0 days 00:01:19.610000,HARD,43.0,2.0,79.61
ZHO,45.0,0 days 00:01:20.686000,HARD,44.0,2.0,80.686
ZHO,46.0,0 days 00:01:20.146000,HARD,45.0,2.0,80.146
ZHO,47.0,0 days 00:01:20.075000,HARD,46.0,2.0,80.075
ZHO,48.0,0 days 00:01:22.481000,HARD,47.0,2.0,82.481
ZHO,49.0,0 days 00:01:22.134000,HARD,48.0,2.0,82.134
ZHO,50.0,0 days 00:01:20.946000,HARD,49.0,2.0,80.946
ZHO,51.0,0 days 00:01:20.962000,HARD,50.0,2.0,80.962
ZHO,52.0,0 days 00:01:20.970000,HARD,51.0,2.0,80.97
ZHO,53.0,0 days 00:01:21.375000,HARD,52.0,2.0,81.375
ZHO,54.0,0 days 00:01:22.153000,HARD,53.0,2.0,82.153
ZHO,55.0,0 days 00:01:21.399000,HARD,54.0,2.0,81.399
ZHO,56.0,0 days 00:01:20.315000,HARD,55.0,2.0,80.315
ZHO,57.0,0 days 00:01:21.119000,HARD,56.0,2.0,81.119
ZHO,58.0,0 days 00:01:18.795000,HARD,57.0,2.0,78.795
ZHO,59.0,0 days 00:01:17.936000,HARD,58.0,2.0,77.936
ZHO,60.0,0 days 00:01:18.545000,HARD,59.0,2.0,78.545
ZHO,61.0,0 days 00:01:18.707000,HARD,60.0,2.0,78.707
ZHO,62.0,0 days 00:01:18.817000,HARD,61.0,2.0,78.817
ZHO,63.0,0 days 00:01:18.789000,HARD,62.0,2.0,78.789
ZHO,64.0,0 days 00:01:19.295000,HARD,63.0,2.0,79.295
ZHO,65.0,0 days 00:01:19.719000,HARD,64.0,2.0,79.719
ZHO,66.0,0 days 00:01:19.749000,HARD,65.0,2.0,79.749
ZHO,67.0,0 days 00:01:20.357000,HARD,66.0,2.0,80.357
ZHO,68.0,0 days 00:01:25.217000,HARD,67.0,2.0,85.217
ZHO,69.0,0 days 00:01:20.484000,HARD,68.0,2.0,80.484
ZHO,70.0,0 days 00:01:40.898000,HARD,69.0,2.0,100.898
ZHO,71.0,0 days 00:01:25.295000,SOFT,1.0,3.0,85.295
ZHO,72.0,0 days 00:01:20.585000,SOFT,2.0,3.0,80.585
ZHO,73.0,0 days 00:01:15.233000,SOFT,3.0,3.0,75.233
ZHO,74.0,0 days 00:01:20.473000,SOFT,4.0,3.0,80.473
ZHO,75.0,0 days 00:01:14.718000,SOFT,5.0,3.0,74.718
ZHO,76.0,0 days 00:01:17.173000,SOFT,6.0,3.0,77.173
